nomos,2025-11-01,2025-11-02,2025-11-03,2025-11-04,2025-11-05,2025-11-06,2025-11-07,2025-11-08,2025-11-09,2025-11-10,2025-11-11,2025-11-12,2025-11-13,2025-11-14,2025-11-15,2025-11-16,2025-11-17,2025-11-18,2025-11-19,2025-11-20,2025-11-21,2025-11-22,2025-11-23,2025-11-24,2025-11-25,2025-11-26,2025-11-27,2025-11-28,2025-11-29,2025-11-30,2025-12-01,2025-12-02,2025-12-03,2025-12-04,2025-12-05,2025-12-06,2025-12-07,2025-12-08,2025-12-09,2025-12-10,2025-12-11,2025-12-12,2025-12-13,2025-12-14,2025-12-15,2025-12-16,2025-12-17,2025-12-18,2025-12-19,2025-12-20,2025-12-21,2025-12-22,2025-12-23,2025-12-24,2025-12-25,2025-12-26,2025-12-27,2025-12-28,2025-12-29,2025-12-30,2025-12-31,2026-01-01,2026-01-02,2026-01-03,2026-01-04,2026-01-05,2026-01-06,2026-01-07,2026-01-08,2026-01-09,2026-01-10,2026-01-11,2026-01-12,2026-01-13,2026-01-14,2026-01-15,2026-01-16,2026-01-17,2026-01-18,2026-01-19,2026-01-20,2026-01-21,2026-01-22,2026-01-23,2026-01-24,2026-01-25,2026-01-26,2026-01-27,2026-01-28,2026-01-29,2026-01-30,2026-01-31,2026-02-01,2026-02-02,2026-02-03,2026-02-04,2026-02-05,2026-02-06,2026-02-07,2026-02-08,2026-02-09,2026-02-10,2026-02-11,2026-02-12,2026-02-13,2026-02-14,2026-02-15,2026-02-16,2026-02-17,2026-02-18,2026-02-19,2026-02-20,2026-02-21,2026-02-22,2026-02-23,2026-02-24,2026-02-25,2026-02-26,2026-02-27,2026-02-28,2026-03-01,2026-03-02,2026-03-03,2026-03-04,2026-03-05,2026-03-06,2026-03-07,2026-03-08,2026-03-09,2026-03-10,2026-03-11,2026-03-12,2026-03-13,2026-03-14,2026-03-15,2026-03-16,2026-03-17,2026-03-18,2026-03-19,2026-03-20,2026-03-21,2026-03-22,2026-03-23,2026-03-24,2026-03-25,2026-03-26,2026-03-27,2026-03-28,2026-03-29,2026-03-30,2026-03-31,2026-04-01,2026-04-02,2026-04-03,2026-04-04,2026-04-05,2026-04-06,2026-04-07,2026-04-08,2026-04-09,2026-04-10,2026-04-11,2026-04-12,2026-04-13,2026-04-14,2026-04-15,2026-04-16,2026-04-17,2026-04-18,2026-04-19,2026-04-20,2026-04-21,2026-04-22,2026-04-23,2026-04-24,2026-04-25,2026-04-26,2026-04-27,2026-04-28,2026-04-29,2026-04-30,2026-05-01,2026-05-02,2026-05-03,2026-05-04,2026-05-05,2026-05-06,2026-05-07,2026-05-08,2026-05-09,2026-05-10,2026-05-11,2026-05-12,2026-05-13,2026-05-14,2026-05-15,2026-05-16,2026-05-17,2026-05-18,2026-05-19,2026-05-20,2026-05-21
ΝΟΜΟΣ ΑΙΤΩΛΙΑΣ ΚΑΙ ΑΚΑΡΝΑΝΙΑΣ,1.998,1.999,1.998,1.991,2.003,2.006,2.005,2.006,2.004,2.001,1.996,2.015,2.018,2.015,2.017,2.018,2.019,2.012,2.021,2.019,2.015,2.015,2.012,2.01,2.002,2.016,2.013,2.01,2.01,2.012,2.009,2.003,2.019,2.017,2.017,2.021,2.02,2.017,2.008,2.02,2.017,2.013,2.012,2.01,2.008,1.995,2.003,2.002,1.997,1.994,1.994,1.987,1.977,1.981,1.981,1.976,1.976,1.975,1.972,1.97,1.984,1.982,1.978,1.976,1.973,1.968,1.957,1.979,1.976,1.972,1.973,1.973,1.975,1.965,1.975,1.978,1.974,1.974,1.973,1.976,1.97,1.986,1.986,1.977,1.978,1.978,1.974,1.965,1.979,1.98,1.977,1.977,1.976,1.971,1.965,1.973,1.975,1.971,1.975,1.975,1.975,1.967,1.978,1.983,1.979,1.977,1.973,1.964,1.96,1.978,1.98,1.982,1.986,1.983,1.984,1.981,1.997,1.997,1.997,1.997,1.994,1.993,1.995,2.017,2.029,2.038,2.054,2.053,2.067,2.071,2.084,2.092,2.102,2.111,2.111,2.118,2.131,2.154,2.167,2.187,2.217,2.22,2.226,2.239,2.252,2.256,2.255,2.256,2.256,2.251,2.252,2.263,2.268,2.272,2.278,2.278,2.281,2.277,2.287,2.287,2.282,2.28,2.28,2.275,2.266,2.271,2.266,2.259,2.257,2.256,2.248,2.238,2.248,2.236,2.247,2.249,2.246,2.224,2.237,2.244,2.245,2.257,2.266,2.268,2.279,2.27,2.271,2.274,2.268,2.268,2.271,2.28,2.275,2.29,2.291,2.294,2.307,2.307,2.311,2.315,2.331,2.336
ΝΟΜΟΣ ΑΡΓΟΛΙΔΟΣ,1.957,1.955,1.956,1.945,1.955,1.957,1.954,1.955,1.954,1.952,1.947,1.959,1.958,1.957,1.957,1.958,1.962,1.947,1.962,1.961,1.962,1.962,1.962,1.967,1.952,1.968,1.966,1.972,1.972,1.97,1.973,1.955,1.965,1.964,1.963,1.964,1.962,1.959,1.948,1.952,1.953,1.962,1.967,1.964,1.958,1.948,1.958,1.952,1.949,1.946,1.945,1.936,1.932,1.945,1.943,1.938,1.936,1.934,1.934,1.932,1.945,1.944,1.943,1.939,1.928,1.936,1.923,1.939,1.942,1.937,1.937,1.936,1.941,1.931,1.942,1.934,1.93,1.934,1.934,1.934,1.924,1.947,1.946,1.943,1.942,1.941,1.933,1.923,1.938,1.937,1.938,1.943,1.94,1.939,1.928,1.943,1.945,1.942,1.946,1.945,1.946,1.928,1.952,1.953,1.951,1.952,1.95,1.95,1.942,1.955,1.953,1.951,1.949,1.943,1.944,1.937,1.957,1.968,1.959,1.958,1.959,1.961,1.956,1.976,1.993,2.009,2.018,2.02,2.034,2.033,2.047,2.054,2.066,2.075,2.076,2.108,2.115,2.139,2.155,2.165,2.195,2.194,2.211,2.212,2.228,2.241,2.237,2.242,2.241,2.247,2.245,2.256,2.256,2.262,2.267,2.266,2.264,2.257,2.275,2.274,2.271,2.264,2.263,2.266,2.257,2.269,2.265,2.262,2.262,2.258,2.261,2.233,2.241,2.233,2.242,2.249,2.248,2.241,2.248,2.252,2.256,2.255,2.262,2.262,2.274,2.269,2.283,2.281,2.283,2.286,2.28,2.289,2.288,2.299,2.304,2.3,2.303,2.307,2.302,2.307,2.325,2.327
ΝΟΜΟΣ ΑΡΚΑΔΙΑΣ,1.979,1.982,1.986,1.986,1.99,1.989,1.984,1.983,1.987,1.991,1.991,1.995,1.994,1.987,1.986,1.989,1.99,1.988,1.996,1.998,1.991,1.99,1.993,1.997,1.995,2.002,2.0,1.995,1.994,1.997,1.995,1.993,1.998,1.997,1.99,1.987,1.991,1.996,1.992,1.999,1.997,1.986,1.985,1.986,1.99,1.992,1.997,1.991,1.983,1.977,1.981,1.984,1.982,1.982,1.98,1.975,1.973,1.974,1.975,1.978,1.978,1.977,1.974,1.971,1.974,1.974,1.974,1.975,1.973,1.968,1.967,1.97,1.969,1.972,1.979,1.977,1.967,1.965,1.969,1.974,1.976,1.981,1.981,1.977,1.977,1.979,1.984,1.978,1.985,1.982,1.976,1.976,1.979,1.986,1.983,1.99,1.985,1.98,1.979,1.983,1.985,1.983,1.986,1.985,1.98,1.979,1.98,1.983,1.981,1.987,1.985,1.98,1.979,1.979,1.976,1.983,1.995,1.995,1.985,1.986,1.989,1.992,1.991,2.006,2.016,2.021,2.026,2.03,2.045,2.054,2.066,2.056,2.057,2.074,2.077,2.09,2.115,2.131,2.149,2.156,2.166,2.169,2.194,2.215,2.221,2.23,2.227,2.226,2.229,2.237,2.253,2.257,2.255,2.254,2.257,2.268,2.278,2.285,2.282,2.281,2.278,2.277,2.28,2.277,2.275,2.275,2.268,2.255,2.252,2.254,2.255,2.254,2.252,2.248,2.24,2.248,2.246,2.25,2.255,2.256,2.263,2.263,2.264,2.273,2.283,2.275,2.276,2.282,2.277,2.277,2.283,2.288,2.287,2.298,2.303,2.297,2.297,2.302,2.31,2.316,2.325,2.339
ΝΟΜΟΣ ΑΡΤΗΣ,1.994,1.994,1.994,1.975,1.997,2.002,2.003,2.0,2.0,1.994,1.988,2.004,2.004,2.0,1.998,2.002,1.991,1.979,1.994,1.992,1.986,1.986,1.985,1.982,1.975,1.993,1.985,1.982,1.983,1.983,1.982,1.97,2.003,2.003,1.999,2.0,1.993,1.991,1.973,2.0,2.0,1.994,1.994,1.995,1.99,1.974,1.99,1.987,1.973,1.966,1.967,1.965,1.947,1.966,1.966,1.949,1.942,1.942,1.94,1.925,1.947,1.946,1.939,1.939,1.939,1.942,1.933,1.948,1.945,1.941,1.94,1.942,1.941,1.933,1.949,1.95,1.949,1.951,1.951,1.95,1.937,1.963,1.961,1.952,1.939,1.939,1.942,1.933,1.951,1.944,1.937,1.937,1.937,1.935,1.928,1.948,1.962,1.951,1.951,1.951,1.952,1.938,1.958,1.96,1.955,1.953,1.952,1.955,1.942,1.956,1.961,1.955,1.945,1.947,1.945,1.936,1.96,1.962,1.956,1.97,1.974,1.977,1.969,1.995,2.003,2.014,2.033,2.036,2.056,2.045,2.067,2.098,2.107,2.107,2.107,2.113,2.122,2.153,2.171,2.195,2.195,2.215,2.231,2.247,2.263,2.27,2.268,2.26,2.257,2.258,2.248,2.274,2.278,2.288,2.297,2.295,2.289,2.28,2.302,2.301,2.306,2.306,2.306,2.285,2.261,2.273,2.27,2.268,2.266,2.26,2.261,2.232,2.253,2.227,2.251,2.256,2.248,2.238,2.243,2.244,2.248,2.251,2.253,2.256,2.282,2.26,2.258,2.263,2.264,2.253,2.253,2.285,2.278,2.297,2.298,2.286,2.287,2.287,2.292,2.275,2.338,2.341
ΝΟΜΟΣ ΑΤΤΙΚΗΣ,1.937,1.938,1.935,1.931,1.944,1.943,1.939,1.942,1.945,1.942,1.938,1.953,1.953,1.948,1.95,1.951,1.949,1.945,1.961,1.96,1.955,1.957,1.957,1.954,1.948,1.962,1.961,1.954,1.956,1.957,1.955,1.949,1.963,1.961,1.953,1.954,1.956,1.951,1.944,1.958,1.955,1.947,1.948,1.949,1.944,1.932,1.941,1.935,1.926,1.923,1.925,1.92,1.912,1.925,1.924,1.919,1.918,1.92,1.916,1.908,1.923,1.921,1.914,1.916,1.919,1.916,1.909,1.921,1.918,1.911,1.912,1.914,1.91,1.903,1.918,1.917,1.913,1.916,1.919,1.917,1.911,1.928,1.929,1.922,1.923,1.926,1.922,1.918,1.933,1.932,1.925,1.926,1.93,1.926,1.92,1.937,1.937,1.93,1.932,1.934,1.929,1.924,1.939,1.937,1.932,1.932,1.935,1.93,1.926,1.94,1.938,1.933,1.937,1.939,1.937,1.933,1.951,1.951,1.945,1.948,1.95,1.951,1.951,1.976,1.991,2.003,2.026,2.031,2.044,2.054,2.076,2.087,2.097,2.11,2.114,2.121,2.14,2.171,2.189,2.206,2.226,2.231,2.243,2.259,2.274,2.271,2.259,2.26,2.261,2.259,2.255,2.277,2.278,2.278,2.283,2.285,2.282,2.278,2.294,2.288,2.279,2.273,2.274,2.272,2.259,2.268,2.262,2.253,2.253,2.254,2.243,2.228,2.239,2.225,2.235,2.243,2.242,2.228,2.239,2.244,2.248,2.246,2.254,2.26,2.275,2.264,2.267,2.266,2.263,2.263,2.269,2.278,2.272,2.289,2.29,2.287,2.296,2.301,2.305,2.315,2.333,2.336
ΝΟΜΟΣ ΑΧΑΪΑΣ,1.975,1.978,1.975,1.967,1.98,1.982,1.976,1.978,1.98,1.978,1.972,1.985,1.987,1.981,1.983,1.984,1.979,1.973,1.986,1.99,1.984,1.985,1.988,1.985,1.978,1.99,1.99,1.983,1.985,1.987,1.983,1.974,1.987,1.987,1.982,1.983,1.984,1.979,1.97,1.983,1.984,1.976,1.977,1.978,1.974,1.967,1.973,1.972,1.962,1.964,1.965,1.961,1.949,1.964,1.96,1.953,1.953,1.955,1.953,1.947,1.961,1.959,1.955,1.956,1.956,1.95,1.946,1.962,1.962,1.953,1.955,1.958,1.954,1.948,1.96,1.959,1.954,1.957,1.959,1.953,1.95,1.963,1.964,1.955,1.956,1.96,1.955,1.951,1.962,1.963,1.957,1.962,1.963,1.963,1.954,1.968,1.968,1.961,1.964,1.967,1.961,1.955,1.967,1.967,1.96,1.963,1.964,1.962,1.954,1.965,1.966,1.964,1.964,1.967,1.965,1.963,1.975,1.977,1.974,1.975,1.979,1.977,1.975,1.998,2.013,2.022,2.045,2.05,2.064,2.067,2.086,2.102,2.104,2.118,2.12,2.125,2.143,2.17,2.183,2.197,2.216,2.221,2.234,2.255,2.269,2.271,2.265,2.266,2.268,2.264,2.258,2.279,2.284,2.285,2.29,2.294,2.289,2.287,2.299,2.298,2.289,2.284,2.286,2.28,2.268,2.276,2.275,2.264,2.261,2.263,2.254,2.236,2.243,2.229,2.239,2.247,2.246,2.232,2.241,2.242,2.247,2.245,2.255,2.262,2.276,2.265,2.266,2.265,2.262,2.265,2.27,2.281,2.276,2.288,2.29,2.286,2.294,2.299,2.3,2.312,2.331,2.336
ΝΟΜΟΣ ΒΟΙΩΤΙΑΣ,1.97,1.973,1.974,1.967,1.98,1.981,1.978,1.974,1.977,1.975,1.968,1.986,1.986,1.983,1.981,1.984,1.984,1.974,1.987,1.992,1.987,1.985,1.991,1.99,1.98,1.995,1.994,1.99,1.987,1.99,1.988,1.976,1.994,1.996,1.993,1.986,1.99,1.989,1.977,1.991,1.988,1.984,1.98,1.979,1.981,1.971,1.985,1.983,1.973,1.968,1.974,1.971,1.961,1.974,1.973,1.969,1.963,1.961,1.962,1.958,1.971,1.97,1.964,1.962,1.966,1.963,1.955,1.969,1.967,1.958,1.955,1.959,1.957,1.947,1.968,1.968,1.964,1.963,1.966,1.965,1.952,1.974,1.974,1.971,1.971,1.971,1.968,1.958,1.978,1.975,1.969,1.968,1.973,1.973,1.96,1.976,1.978,1.973,1.975,1.976,1.974,1.962,1.982,1.982,1.978,1.977,1.977,1.971,1.959,1.978,1.978,1.976,1.972,1.971,1.972,1.96,1.98,1.977,1.973,1.973,1.977,1.98,1.974,1.997,2.009,2.015,2.035,2.042,2.051,2.056,2.081,2.086,2.092,2.095,2.099,2.109,2.118,2.146,2.166,2.173,2.193,2.197,2.211,2.234,2.25,2.256,2.25,2.248,2.254,2.261,2.255,2.274,2.269,2.262,2.272,2.272,2.273,2.267,2.284,2.282,2.275,2.271,2.275,2.274,2.258,2.273,2.273,2.274,2.274,2.276,2.267,2.244,2.258,2.243,2.252,2.252,2.249,2.239,2.245,2.25,2.256,2.256,2.262,2.268,2.287,2.274,2.277,2.279,2.275,2.277,2.282,2.299,2.289,2.304,2.305,2.301,2.3,2.307,2.31,2.316,2.336,2.33
ΝΟΜΟΣ ΓΡΕΒΕΝΩΝ,2.034,2.034,2.034,2.034,2.034,2.034,2.04,2.04,2.043,2.044,2.035,2.038,2.038,2.038,2.038,2.038,2.04,2.04,2.04,2.04,2.04,2.04,2.04,2.04,2.04,2.05,2.05,2.061,2.061,2.05,2.05,2.05,2.05,2.05,2.05,2.05,2.05,2.061,2.061,2.061,2.061,2.046,2.046,2.046,2.046,2.046,2.045,2.045,2.045,2.045,2.045,2.041,2.038,2.038,2.038,2.038,2.017,2.026,2.016,2.016,2.016,2.016,2.016,2.014,2.014,2.014,2.014,2.013,2.013,2.013,2.013,2.013,2.024,2.024,2.024,2.024,2.023,2.023,2.023,2.025,2.025,2.025,2.025,2.025,2.029,2.029,2.029,2.029,2.029,2.029,2.029,2.029,2.029,2.029,2.029,2.03,2.03,2.03,2.03,2.032,2.032,2.024,2.024,2.027,2.027,2.025,2.025,2.025,2.031,2.031,2.031,2.022,2.022,2.022,2.022,2.022,2.024,2.028,2.028,2.028,2.03,2.04,2.045,2.054,2.063,2.069,2.099,2.099,2.116,2.116,2.12,2.127,2.145,2.145,2.145,2.145,2.168,2.188,2.17,2.18,2.187,2.191,2.235,2.273,2.273,2.273,2.273,2.273,2.273,2.273,2.273,2.285,2.285,2.285,2.311,2.311,2.326,2.326,2.336,2.328,2.328,2.326,2.326,2.326,2.326,2.321,2.331,2.331,2.331,2.331,2.331,2.331,2.32,2.31,2.31,2.31,2.31,2.31,2.307,2.301,2.304,2.304,2.317,2.317,2.317,2.306,2.306,2.306,2.319,2.317,2.33,2.331,2.331,2.332,2.333,2.333,2.332,2.332,2.343,2.353,2.362,2.362
ΝΟΜΟΣ ΔΡΑΜΑΣ,1.968,1.968,1.962,1.958,1.969,1.97,1.968,1.971,1.972,1.965,1.962,1.978,1.978,1.969,1.969,1.965,1.93,1.922,1.94,1.96,1.962,1.962,1.962,1.953,1.954,1.962,1.957,1.93,1.937,1.937,1.931,1.931,1.939,1.939,1.93,1.919,1.919,1.915,1.917,1.936,1.936,1.943,1.958,1.958,1.951,1.957,1.959,1.94,1.938,1.943,1.943,1.941,1.94,1.946,1.946,1.929,1.943,1.929,1.916,1.917,1.93,1.928,1.914,1.931,1.931,1.922,1.921,1.94,1.943,1.907,1.916,1.916,1.908,1.905,1.928,1.945,1.936,1.943,1.943,1.936,1.938,1.948,1.94,1.937,1.937,1.937,1.929,1.924,1.921,1.921,1.918,1.906,1.906,1.91,1.912,1.923,1.925,1.923,1.923,1.919,1.916,1.906,1.924,1.94,1.938,1.938,1.938,1.929,1.931,1.94,1.94,1.938,1.941,1.943,1.941,1.94,1.96,1.953,1.956,1.948,1.948,1.943,1.965,1.962,1.971,2.008,2.019,2.021,2.023,2.029,2.038,2.044,2.06,2.077,2.092,2.101,2.111,2.124,2.145,2.161,2.181,2.18,2.203,2.249,2.255,2.252,2.247,2.247,2.247,2.242,2.239,2.248,2.256,2.261,2.266,2.266,2.263,2.269,2.284,2.276,2.272,2.265,2.265,2.26,2.24,2.261,2.273,2.27,2.274,2.268,2.251,2.243,2.25,2.234,2.247,2.261,2.261,2.24,2.248,2.256,2.256,2.233,2.229,2.229,2.238,2.226,2.243,2.254,2.271,2.271,2.271,2.283,2.272,2.283,2.282,2.294,2.292,2.292,2.289,2.293,2.304,2.308
ΝΟΜΟΣ ΔΩΔΕΚΑΝΗΣΟΥ,2.081,2.086,2.083,2.078,2.087,2.087,2.083,2.087,2.089,2.084,2.085,2.092,2.09,2.082,2.085,2.092,2.088,2.085,2.095,2.096,2.09,2.09,2.094,2.09,2.088,2.098,2.087,2.081,2.08,2.086,2.091,2.088,2.1,2.1,2.09,2.091,2.098,2.094,2.09,2.1,2.098,2.09,2.088,2.089,2.087,2.081,2.08,2.078,2.066,2.06,2.067,2.065,2.057,2.066,2.064,2.058,2.059,2.063,2.059,2.054,2.063,2.065,2.056,2.058,2.062,2.057,2.052,2.055,2.057,2.052,2.051,2.053,2.051,2.045,2.057,2.057,2.054,2.055,2.056,2.055,2.054,2.063,2.062,2.055,2.05,2.054,2.056,2.048,2.057,2.058,2.054,2.056,2.061,2.056,2.057,2.064,2.063,2.06,2.06,2.066,2.06,2.061,2.069,2.067,2.056,2.058,2.065,2.062,2.06,2.069,2.066,2.063,2.063,2.068,2.064,2.058,2.069,2.07,2.065,2.065,2.069,2.068,2.072,2.083,2.089,2.092,2.101,2.111,2.116,2.126,2.155,2.156,2.148,2.144,2.147,2.152,2.176,2.209,2.218,2.245,2.258,2.267,2.283,2.309,2.321,2.327,2.317,2.316,2.323,2.322,2.318,2.334,2.338,2.337,2.346,2.354,2.35,2.353,2.361,2.359,2.348,2.347,2.352,2.35,2.339,2.346,2.345,2.338,2.338,2.341,2.337,2.319,2.32,2.313,2.311,2.313,2.313,2.308,2.316,2.321,2.323,2.319,2.324,2.341,2.342,2.333,2.342,2.349,2.341,2.342,2.361,2.367,2.369,2.373,2.374,2.369,2.374,2.385,2.381,2.397,2.411,2.404
ΝΟΜΟΣ ΕΒΡΟΥ,1.962,1.963,1.948,1.948,1.967,1.97,1.96,1.96,1.967,1.959,1.95,1.974,1.972,1.965,1.97,1.972,1.966,1.958,1.979,1.979,1.971,1.974,1.98,1.976,1.964,1.983,1.984,1.976,1.98,1.983,1.973,1.96,1.982,1.979,1.97,1.974,1.975,1.967,1.962,1.973,1.971,1.963,1.966,1.969,1.964,1.951,1.974,1.971,1.961,1.961,1.964,1.958,1.947,1.962,1.96,1.941,1.944,1.946,1.938,1.928,1.949,1.954,1.937,1.94,1.944,1.939,1.929,1.953,1.949,1.94,1.942,1.944,1.938,1.927,1.95,1.948,1.938,1.94,1.944,1.941,1.928,1.952,1.952,1.941,1.947,1.95,1.944,1.935,1.954,1.952,1.943,1.949,1.952,1.947,1.934,1.952,1.947,1.94,1.937,1.94,1.935,1.927,1.949,1.952,1.946,1.947,1.953,1.947,1.935,1.957,1.955,1.952,1.956,1.96,1.963,1.948,1.969,1.96,1.958,1.962,1.968,1.955,1.961,1.988,1.993,2.003,2.015,2.019,2.035,2.036,2.063,2.074,2.084,2.089,2.093,2.106,2.106,2.145,2.15,2.178,2.203,2.206,2.229,2.242,2.259,2.257,2.253,2.248,2.259,2.259,2.244,2.265,2.267,2.269,2.272,2.279,2.277,2.266,2.29,2.285,2.277,2.275,2.278,2.27,2.252,2.268,2.265,2.251,2.253,2.257,2.242,2.226,2.241,2.227,2.241,2.24,2.234,2.213,2.223,2.228,2.231,2.227,2.234,2.245,2.265,2.246,2.25,2.254,2.25,2.249,2.262,2.275,2.264,2.285,2.287,2.279,2.284,2.29,2.296,2.309,2.337,2.333
ΝΟΜΟΣ ΕΥΒΟΙΑΣ,1.962,1.962,1.96,1.952,1.963,1.965,1.962,1.962,1.961,1.962,1.96,1.973,1.973,1.969,1.97,1.968,1.968,1.962,1.974,1.975,1.971,1.972,1.974,1.971,1.969,1.976,1.973,1.969,1.973,1.972,1.968,1.965,1.973,1.975,1.972,1.976,1.976,1.974,1.967,1.978,1.975,1.974,1.973,1.976,1.973,1.965,1.976,1.972,1.967,1.965,1.962,1.959,1.952,1.959,1.958,1.955,1.955,1.956,1.948,1.947,1.95,1.949,1.947,1.95,1.95,1.948,1.945,1.951,1.948,1.936,1.937,1.942,1.937,1.934,1.944,1.941,1.941,1.944,1.945,1.939,1.937,1.949,1.95,1.948,1.951,1.958,1.952,1.949,1.96,1.958,1.954,1.956,1.959,1.953,1.955,1.965,1.963,1.961,1.96,1.965,1.96,1.96,1.969,1.966,1.963,1.967,1.968,1.965,1.961,1.971,1.97,1.968,1.97,1.972,1.968,1.965,1.975,1.975,1.97,1.973,1.976,1.975,1.98,1.998,2.008,2.021,2.035,2.046,2.058,2.066,2.079,2.08,2.085,2.093,2.094,2.105,2.121,2.14,2.158,2.167,2.188,2.191,2.207,2.222,2.231,2.232,2.232,2.24,2.241,2.24,2.241,2.252,2.261,2.262,2.268,2.27,2.272,2.271,2.272,2.272,2.269,2.266,2.265,2.265,2.259,2.262,2.256,2.25,2.25,2.251,2.246,2.232,2.237,2.232,2.24,2.25,2.249,2.243,2.248,2.251,2.255,2.256,2.262,2.266,2.278,2.273,2.278,2.28,2.278,2.278,2.279,2.282,2.284,2.296,2.299,2.298,2.306,2.309,2.314,2.322,2.332,2.335
ΝΟΜΟΣ ΕΥΡΥΤΑΝΙΑΣ,2.052,2.052,2.053,2.039,2.06,2.066,2.058,2.058,2.059,2.04,2.049,2.072,2.081,2.076,2.076,2.076,2.073,2.061,2.086,2.084,2.078,2.079,2.092,2.09,2.07,2.081,2.088,2.084,2.078,2.078,2.074,2.058,2.084,2.081,2.074,2.076,2.076,2.076,2.053,2.076,2.076,2.079,2.079,2.079,2.076,2.062,2.083,2.076,2.07,2.069,2.069,2.066,2.048,2.068,2.068,2.062,2.062,2.054,2.061,2.025,2.047,2.047,2.043,2.04,2.04,2.04,2.035,2.055,2.043,2.037,2.046,2.046,2.042,2.029,2.039,2.057,2.044,2.044,2.044,2.04,2.03,2.042,2.042,2.047,2.047,2.042,2.038,2.033,2.055,2.055,2.049,2.066,2.088,2.094,2.075,2.089,2.089,2.082,2.082,2.082,2.08,2.068,2.094,2.083,2.077,2.077,2.077,2.075,2.04,2.068,2.048,2.051,2.051,2.051,2.07,2.06,2.101,2.101,2.078,2.074,2.088,2.087,2.082,2.114,2.124,2.133,2.149,2.15,2.152,2.152,2.17,2.171,2.16,2.166,2.17,2.192,2.224,2.244,2.244,2.226,2.238,2.241,2.266,2.303,2.314,2.337,2.325,2.332,2.339,2.321,2.33,2.35,2.357,2.354,2.354,2.347,2.34,2.356,2.384,2.401,2.394,2.393,2.393,2.371,2.378,2.383,2.376,2.37,2.37,2.351,2.348,2.325,2.364,2.328,2.333,2.333,2.333,2.28,2.319,2.326,2.326,2.326,2.326,2.326,2.344,2.354,2.345,2.354,2.356,2.356,2.356,2.361,2.354,2.386,2.393,2.386,2.386,2.402,2.375,2.395,2.411,2.403
ΝΟΜΟΣ ΖΑΚΥΝΘΟΥ,1.96,1.963,1.969,1.957,1.969,1.968,1.965,1.972,1.972,1.975,1.97,1.994,1.994,1.99,1.99,1.99,1.992,1.96,1.971,1.981,1.973,1.972,1.972,1.974,1.964,1.974,1.974,1.97,1.963,1.963,1.968,1.962,1.968,1.965,1.957,1.958,1.959,1.966,1.955,1.959,1.965,1.961,1.967,1.967,1.953,1.942,1.955,1.953,1.952,1.952,1.948,1.956,1.941,1.933,1.931,1.922,1.923,1.923,1.923,1.912,1.923,1.923,1.911,1.918,1.917,1.92,1.911,1.928,1.934,1.96,1.958,1.96,1.964,1.945,1.953,1.956,1.944,1.947,1.947,1.947,1.931,1.947,1.936,1.921,1.924,1.927,1.934,1.928,1.934,1.934,1.927,1.936,1.943,1.944,1.934,1.944,1.939,1.936,1.954,1.948,1.951,1.939,1.951,1.931,1.927,1.938,1.943,1.939,1.922,1.935,1.932,1.926,1.938,1.941,1.945,1.933,1.948,1.956,1.945,1.945,1.956,1.963,1.952,1.97,1.979,1.991,2.02,2.02,2.023,2.024,2.064,2.073,2.067,2.09,2.091,2.098,2.096,2.134,2.142,2.141,2.188,2.188,2.198,2.201,2.237,2.237,2.234,2.234,2.239,2.25,2.24,2.245,2.245,2.242,2.259,2.259,2.264,2.254,2.264,2.264,2.256,2.256,2.256,2.262,2.251,2.255,2.249,2.258,2.252,2.252,2.255,2.237,2.246,2.23,2.238,2.25,2.25,2.24,2.24,2.241,2.245,2.251,2.253,2.253,2.269,2.262,2.262,2.269,2.269,2.271,2.271,2.288,2.282,2.292,2.289,2.289,2.299,2.299,2.308,2.316,2.327,2.336
ΝΟΜΟΣ ΗΛΕΙΑΣ,1.942,1.942,1.938,1.937,1.948,1.948,1.943,1.944,1.945,1.938,1.938,1.949,1.947,1.947,1.95,1.95,1.951,1.949,1.961,1.962,1.959,1.959,1.957,1.952,1.951,1.961,1.962,1.964,1.964,1.963,1.955,1.955,1.966,1.964,1.963,1.966,1.965,1.959,1.955,1.964,1.964,1.959,1.958,1.957,1.951,1.949,1.952,1.947,1.938,1.937,1.932,1.924,1.906,1.92,1.919,1.916,1.917,1.916,1.908,1.902,1.918,1.91,1.904,1.909,1.91,1.909,1.904,1.921,1.921,1.917,1.919,1.921,1.914,1.908,1.922,1.92,1.921,1.926,1.929,1.926,1.919,1.934,1.93,1.92,1.923,1.924,1.924,1.922,1.93,1.928,1.927,1.929,1.926,1.922,1.922,1.933,1.931,1.928,1.932,1.935,1.93,1.927,1.943,1.939,1.935,1.936,1.934,1.933,1.925,1.929,1.929,1.93,1.934,1.931,1.929,1.921,1.934,1.933,1.934,1.936,1.936,1.936,1.939,1.956,1.967,1.977,1.992,1.993,2.003,2.005,2.021,2.028,2.037,2.045,2.049,2.06,2.08,2.109,2.11,2.12,2.141,2.153,2.169,2.19,2.2,2.201,2.197,2.205,2.205,2.211,2.208,2.216,2.233,2.236,2.244,2.244,2.253,2.257,2.268,2.264,2.261,2.259,2.259,2.254,2.24,2.252,2.245,2.241,2.247,2.246,2.242,2.231,2.237,2.224,2.231,2.238,2.239,2.225,2.231,2.232,2.244,2.242,2.257,2.257,2.261,2.26,2.264,2.264,2.261,2.263,2.264,2.266,2.267,2.275,2.278,2.272,2.279,2.275,2.279,2.292,2.303,2.309
ΝΟΜΟΣ ΗΜΑΘΙΑΣ,1.943,1.941,1.942,1.938,1.947,1.937,1.932,1.934,1.936,1.939,1.936,1.942,1.943,1.939,1.942,1.94,1.942,1.941,1.954,1.945,1.939,1.943,1.941,1.943,1.942,1.952,1.95,1.949,1.951,1.952,1.947,1.943,1.953,1.952,1.945,1.945,1.949,1.947,1.944,1.956,1.946,1.947,1.944,1.941,1.943,1.94,1.943,1.932,1.927,1.928,1.924,1.925,1.921,1.925,1.925,1.921,1.918,1.91,1.908,1.909,1.914,1.913,1.911,1.915,1.913,1.911,1.911,1.92,1.916,1.914,1.917,1.914,1.915,1.916,1.924,1.91,1.912,1.911,1.911,1.912,1.91,1.925,1.918,1.916,1.92,1.914,1.913,1.913,1.92,1.909,1.905,1.918,1.915,1.92,1.912,1.923,1.915,1.91,1.916,1.913,1.91,1.909,1.919,1.918,1.913,1.917,1.917,1.918,1.916,1.926,1.919,1.916,1.915,1.915,1.92,1.917,1.931,1.928,1.926,1.931,1.931,1.939,1.942,1.961,1.967,1.971,1.987,1.99,2.011,2.016,2.034,2.044,2.05,2.075,2.074,2.092,2.108,2.133,2.138,2.159,2.184,2.186,2.199,2.215,2.224,2.222,2.222,2.226,2.226,2.229,2.226,2.244,2.245,2.248,2.251,2.254,2.252,2.25,2.265,2.258,2.254,2.254,2.253,2.25,2.246,2.248,2.24,2.234,2.238,2.236,2.233,2.221,2.222,2.214,2.22,2.223,2.219,2.21,2.22,2.224,2.216,2.223,2.229,2.232,2.245,2.235,2.237,2.232,2.231,2.229,2.239,2.255,2.254,2.266,2.256,2.267,2.277,2.277,2.293,2.293,2.311,2.305
ΝΟΜΟΣ ΗΡΑΚΛΕΙΟΥ,1.95,1.957,1.952,1.953,1.962,1.961,1.954,1.957,1.962,1.957,1.955,1.966,1.965,1.957,1.961,1.968,1.964,1.961,1.972,1.968,1.96,1.962,1.966,1.96,1.959,1.971,1.969,1.96,1.962,1.968,1.963,1.958,1.968,1.963,1.954,1.959,1.965,1.96,1.957,1.971,1.967,1.957,1.959,1.964,1.958,1.948,1.957,1.957,1.948,1.952,1.954,1.952,1.943,1.952,1.948,1.942,1.947,1.95,1.943,1.939,1.949,1.946,1.938,1.939,1.941,1.932,1.93,1.941,1.935,1.929,1.933,1.937,1.932,1.93,1.941,1.941,1.932,1.937,1.942,1.94,1.937,1.95,1.947,1.937,1.94,1.945,1.943,1.936,1.946,1.942,1.933,1.937,1.941,1.937,1.935,1.945,1.943,1.931,1.933,1.936,1.935,1.932,1.943,1.939,1.931,1.937,1.939,1.937,1.933,1.943,1.939,1.926,1.928,1.932,1.932,1.928,1.944,1.939,1.934,1.937,1.944,1.946,1.949,1.972,1.985,1.995,2.013,2.022,2.038,2.044,2.064,2.082,2.089,2.104,2.109,2.12,2.136,2.175,2.192,2.203,2.221,2.233,2.241,2.25,2.263,2.263,2.258,2.264,2.269,2.269,2.262,2.277,2.28,2.278,2.283,2.288,2.294,2.288,2.303,2.298,2.286,2.289,2.292,2.288,2.277,2.287,2.282,2.271,2.272,2.273,2.269,2.246,2.256,2.247,2.247,2.25,2.256,2.241,2.244,2.247,2.249,2.247,2.25,2.259,2.273,2.266,2.27,2.273,2.266,2.266,2.273,2.284,2.28,2.296,2.298,2.29,2.3,2.305,2.31,2.319,2.331,2.332
ΝΟΜΟΣ ΘΕΣΠΡΩΤΙΑΣ,1.966,1.972,1.955,1.966,1.969,1.969,1.967,1.967,1.956,1.939,1.953,1.958,1.958,1.967,1.971,1.974,1.964,1.977,1.984,1.984,1.983,1.984,1.983,1.966,1.981,1.987,1.988,1.987,1.987,1.985,1.966,1.984,1.991,1.991,1.992,1.992,1.991,1.971,1.984,1.992,1.991,1.985,1.985,1.984,1.964,1.965,1.971,1.964,1.962,1.962,1.954,1.933,1.936,1.942,1.942,1.939,1.939,1.939,1.922,1.936,1.942,1.942,1.94,1.944,1.939,1.907,1.92,1.927,1.922,1.92,1.92,1.926,1.902,1.926,1.94,1.943,1.941,1.947,1.95,1.936,1.947,1.956,1.956,1.953,1.953,1.953,1.933,1.949,1.955,1.965,1.962,1.96,1.962,1.942,1.961,1.97,1.972,1.969,1.969,1.968,1.945,1.963,1.97,1.971,1.969,1.969,1.969,1.947,1.965,1.972,1.972,1.973,1.973,1.971,1.945,1.975,1.972,1.969,1.969,1.97,1.97,1.957,1.976,1.986,1.988,2.012,2.039,2.041,2.035,2.054,2.06,2.066,2.066,2.071,2.071,2.064,2.089,2.109,2.128,2.143,2.18,2.182,2.183,2.206,2.22,2.22,2.223,2.22,2.22,2.201,2.216,2.223,2.225,2.227,2.227,2.233,2.217,2.247,2.266,2.267,2.265,2.264,2.264,2.235,2.256,2.249,2.249,2.244,2.242,2.236,2.204,2.226,2.235,2.222,2.234,2.239,2.239,2.213,2.241,2.246,2.252,2.26,2.26,2.264,2.253,2.27,2.269,2.269,2.269,2.269,2.265,2.248,2.271,2.277,2.283,2.281,2.286,2.291,2.271,2.296,2.314,2.316
ΝΟΜΟΣ ΘΕΣΣΑΛΟΝΙΚΗΣ,1.93,1.933,1.929,1.925,1.937,1.935,1.932,1.935,1.938,1.938,1.934,1.95,1.947,1.942,1.945,1.948,1.944,1.94,1.953,1.951,1.949,1.95,1.953,1.947,1.943,1.957,1.952,1.946,1.948,1.95,1.944,1.939,1.953,1.949,1.944,1.945,1.949,1.943,1.938,1.949,1.944,1.938,1.939,1.941,1.935,1.924,1.933,1.925,1.917,1.913,1.915,1.911,1.906,1.917,1.913,1.908,1.909,1.913,1.909,1.903,1.915,1.912,1.909,1.909,1.914,1.912,1.908,1.921,1.914,1.908,1.911,1.914,1.909,1.906,1.92,1.916,1.912,1.915,1.919,1.917,1.911,1.927,1.924,1.916,1.919,1.924,1.92,1.916,1.928,1.924,1.918,1.919,1.922,1.919,1.915,1.929,1.926,1.92,1.922,1.927,1.922,1.919,1.932,1.93,1.924,1.926,1.929,1.925,1.92,1.931,1.929,1.926,1.93,1.935,1.932,1.927,1.944,1.941,1.937,1.941,1.948,1.945,1.945,1.968,1.977,1.989,2.006,2.016,2.031,2.039,2.059,2.071,2.078,2.091,2.098,2.108,2.122,2.149,2.165,2.18,2.204,2.209,2.224,2.243,2.257,2.256,2.248,2.249,2.251,2.252,2.248,2.268,2.27,2.27,2.276,2.279,2.278,2.274,2.289,2.286,2.277,2.274,2.276,2.269,2.258,2.268,2.258,2.25,2.249,2.251,2.242,2.23,2.237,2.225,2.231,2.238,2.237,2.223,2.233,2.238,2.238,2.237,2.243,2.251,2.266,2.253,2.256,2.256,2.251,2.255,2.266,2.275,2.269,2.283,2.281,2.279,2.286,2.293,2.295,2.305,2.325,2.326
ΝΟΜΟΣ ΙΩΑΝΝΙΝΩΝ,2.037,2.032,2.026,2.032,2.038,2.035,2.036,2.033,2.032,2.024,2.028,2.038,2.037,2.038,2.039,2.042,2.036,2.04,2.053,2.052,2.053,2.059,2.063,2.062,2.068,2.06,2.054,2.053,2.052,2.05,2.045,2.05,2.06,2.06,2.055,2.054,2.051,2.049,2.051,2.055,2.049,2.043,2.046,2.047,2.041,2.04,2.043,2.033,2.028,2.025,2.023,2.016,2.021,2.023,2.02,2.02,2.024,2.024,2.023,2.023,2.041,2.037,2.03,2.03,2.029,2.025,2.029,2.04,2.031,2.026,2.024,2.022,2.018,2.025,2.032,2.023,2.025,2.026,2.024,2.026,2.029,2.033,2.032,2.026,2.033,2.032,2.028,2.031,2.038,2.041,2.037,2.045,2.044,2.042,2.044,2.057,2.055,2.058,2.054,2.055,2.048,2.037,2.043,2.038,2.037,2.037,2.035,2.029,2.029,2.038,2.03,2.029,2.031,2.031,2.028,2.026,2.029,2.032,2.03,2.03,2.03,2.032,2.031,2.048,2.061,2.073,2.092,2.091,2.095,2.107,2.121,2.126,2.135,2.15,2.149,2.155,2.169,2.189,2.2,2.215,2.247,2.248,2.257,2.271,2.283,2.282,2.279,2.281,2.278,2.275,2.28,2.287,2.297,2.294,2.297,2.3,2.299,2.303,2.31,2.308,2.306,2.304,2.303,2.298,2.29,2.296,2.291,2.288,2.288,2.283,2.277,2.275,2.276,2.271,2.279,2.289,2.281,2.27,2.279,2.282,2.285,2.287,2.29,2.245,2.239,2.238,2.241,2.242,2.25,2.252,2.26,2.249,2.262,2.265,2.264,2.267,2.332,2.327,2.334,2.344,2.346,2.348
ΝΟΜΟΣ ΚΑΒΑΛΑΣ,1.94,1.942,1.93,1.936,1.95,1.949,1.948,1.952,1.957,1.947,1.951,1.967,1.968,1.968,1.968,1.972,1.958,1.965,1.967,1.97,1.959,1.963,1.965,1.951,1.957,1.964,1.954,1.952,1.956,1.96,1.942,1.951,1.956,1.957,1.955,1.955,1.957,1.943,1.954,1.96,1.955,1.952,1.954,1.958,1.946,1.94,1.953,1.943,1.934,1.937,1.942,1.927,1.939,1.949,1.942,1.939,1.938,1.942,1.925,1.932,1.942,1.936,1.933,1.937,1.936,1.927,1.92,1.932,1.933,1.923,1.925,1.929,1.914,1.924,1.931,1.925,1.926,1.931,1.936,1.92,1.928,1.938,1.934,1.931,1.923,1.93,1.915,1.923,1.928,1.924,1.925,1.926,1.93,1.912,1.917,1.933,1.928,1.923,1.925,1.932,1.922,1.922,1.929,1.931,1.925,1.93,1.934,1.925,1.923,1.929,1.925,1.918,1.927,1.928,1.921,1.927,1.93,1.932,1.93,1.929,1.934,1.921,1.935,1.957,1.971,1.975,1.987,1.994,2.002,2.018,2.056,2.06,2.065,2.063,2.066,2.063,2.099,2.126,2.141,2.152,2.165,2.172,2.17,2.228,2.238,2.233,2.235,2.235,2.239,2.228,2.234,2.242,2.239,2.242,2.247,2.26,2.254,2.265,2.268,2.264,2.257,2.255,2.259,2.248,2.245,2.245,2.239,2.237,2.241,2.238,2.232,2.213,2.226,2.213,2.204,2.209,2.196,2.193,2.199,2.211,2.215,2.217,2.229,2.241,2.251,2.243,2.246,2.258,2.261,2.26,2.265,2.275,2.266,2.278,2.276,2.272,2.282,2.29,2.28,2.301,2.31,2.308
ΝΟΜΟΣ ΚΑΡΔΙΤΣΗΣ,1.99,1.996,1.98,1.985,1.995,1.992,2.009,2.009,2.016,2.008,2.019,2.027,2.017,2.017,2.016,2.022,2.007,2.014,2.017,2.015,2.013,2.013,2.013,2.0,2.009,2.013,2.005,2.007,2.012,2.017,2.0,2.003,2.022,2.021,2.016,2.013,2.02,2.005,2.014,2.02,2.008,2.009,2.01,2.016,1.998,1.996,1.996,1.992,1.99,1.99,1.993,1.98,1.982,1.982,1.96,1.958,1.956,1.961,1.965,1.967,1.976,1.977,1.979,1.977,1.982,1.983,1.989,1.99,1.987,1.985,1.988,1.992,1.979,1.994,1.997,1.993,1.976,1.973,1.978,1.963,1.969,1.98,1.978,1.97,1.967,1.972,1.958,1.968,1.976,1.972,1.971,1.976,1.995,1.979,1.992,1.999,1.997,1.995,1.99,1.995,1.987,1.99,2.0,1.994,1.988,1.985,1.988,1.977,1.978,1.994,1.985,1.988,1.989,2.001,1.987,1.992,1.999,1.988,1.982,1.985,1.993,1.981,1.998,2.01,2.017,2.03,2.046,2.057,2.056,2.067,2.084,2.077,2.08,2.091,2.095,2.107,2.12,2.162,2.163,2.173,2.185,2.189,2.198,2.22,2.227,2.237,2.24,2.224,2.226,2.222,2.222,2.225,2.247,2.257,2.262,2.268,2.264,2.269,2.281,2.294,2.295,2.294,2.297,2.273,2.282,2.286,2.277,2.273,2.268,2.272,2.244,2.244,2.231,2.249,2.254,2.255,2.243,2.238,2.234,2.238,2.232,2.233,2.235,2.248,2.246,2.245,2.264,2.27,2.27,2.269,2.288,2.279,2.282,2.293,2.298,2.298,2.299,2.303,2.302,2.313,2.323,2.325
ΝΟΜΟΣ ΚΑΣΤΟΡΙΑΣ,1.957,1.957,1.964,1.947,1.965,1.965,1.96,1.957,1.963,1.961,1.95,1.967,1.967,1.964,1.964,1.959,1.967,1.946,1.964,1.969,1.961,1.961,1.959,1.965,1.95,1.967,1.968,1.961,1.961,1.959,1.971,1.953,1.963,1.969,1.961,1.961,1.965,1.97,1.952,1.969,1.969,1.957,1.958,1.955,1.959,1.949,1.967,1.962,1.955,1.953,1.955,1.95,1.946,1.95,1.948,1.944,1.944,1.945,1.947,1.933,1.95,1.95,1.941,1.941,1.94,1.946,1.93,1.936,1.935,1.927,1.927,1.928,1.926,1.914,1.93,1.93,1.924,1.924,1.921,1.921,1.919,1.929,1.934,1.933,1.936,1.935,1.934,1.923,1.94,1.94,1.936,1.936,1.934,1.94,1.922,1.94,1.939,1.935,1.935,1.932,1.939,1.924,1.942,1.943,1.936,1.936,1.938,1.944,1.927,1.945,1.945,1.938,1.937,1.94,1.947,1.93,1.944,1.95,1.948,1.949,1.948,1.957,1.951,1.968,1.977,1.982,1.99,1.994,2.011,2.004,2.041,2.054,2.055,2.068,2.067,2.092,2.105,2.116,2.125,2.14,2.15,2.159,2.212,2.228,2.24,2.248,2.223,2.223,2.222,2.237,2.226,2.244,2.251,2.254,2.254,2.257,2.259,2.257,2.268,2.266,2.258,2.249,2.249,2.255,2.239,2.249,2.241,2.231,2.231,2.231,2.238,2.206,2.218,2.209,2.222,2.222,2.216,2.214,2.221,2.221,2.223,2.223,2.226,2.231,2.256,2.237,2.241,2.243,2.243,2.243,2.246,2.261,2.255,2.268,2.271,2.264,2.265,2.267,2.276,2.286,2.299,2.304
ΝΟΜΟΣ ΚΕΡΚΥΡΑΣ,1.986,1.986,1.985,1.98,1.986,1.986,1.982,1.978,1.982,1.987,1.981,1.983,1.989,1.989,1.991,1.993,1.996,1.987,1.997,1.997,1.994,1.994,1.997,1.997,1.993,1.992,1.995,1.99,1.994,1.997,1.995,1.985,1.997,1.998,1.991,1.994,1.996,1.996,1.988,1.998,1.999,1.995,1.99,1.993,1.987,1.984,1.991,1.992,1.987,1.984,1.986,1.986,1.98,1.987,1.988,1.984,1.978,1.98,1.978,1.968,1.98,1.98,1.975,1.97,1.973,1.966,1.964,1.967,1.966,1.96,1.96,1.962,1.963,1.956,1.963,1.964,1.951,1.956,1.957,1.963,1.955,1.963,1.966,1.958,1.963,1.965,1.968,1.961,1.97,1.97,1.963,1.966,1.969,1.969,1.96,1.969,1.971,1.963,1.968,1.97,1.969,1.96,1.972,1.972,1.97,1.974,1.976,1.975,1.973,1.977,1.977,1.972,1.971,1.973,1.974,1.966,1.98,1.985,1.976,1.98,1.984,1.985,1.977,1.994,2.003,2.007,2.027,2.031,2.05,2.062,2.08,2.1,2.11,2.114,2.121,2.132,2.142,2.161,2.174,2.197,2.219,2.229,2.238,2.262,2.267,2.274,2.272,2.271,2.274,2.275,2.269,2.275,2.278,2.28,2.286,2.288,2.289,2.276,2.299,2.301,2.297,2.295,2.297,2.296,2.282,2.285,2.288,2.286,2.283,2.285,2.285,2.272,2.276,2.261,2.271,2.275,2.276,2.271,2.275,2.279,2.281,2.281,2.282,2.285,2.294,2.286,2.287,2.293,2.287,2.288,2.291,2.302,2.302,2.31,2.308,2.309,2.319,2.328,2.329,2.333,2.348,2.353
ΝΟΜΟΣ ΚΕΦΑΛΛΗΝΙΑΣ,2.017,2.019,2.016,2.007,2.022,2.023,2.021,2.017,2.017,2.015,2.008,2.021,2.015,2.012,2.012,2.014,2.02,2.009,2.026,2.025,2.021,2.021,2.023,2.025,2.018,2.033,2.033,2.025,2.028,2.029,2.025,2.019,2.032,2.03,2.021,2.021,2.024,2.015,2.014,2.028,2.036,2.03,2.03,2.033,2.029,2.023,2.037,2.035,2.032,2.029,2.029,2.023,2.01,2.029,2.029,2.028,2.025,2.026,2.021,2.004,2.016,2.015,2.014,2.012,2.013,2.015,2.0,2.003,2.004,2.004,2.004,2.0,1.995,1.984,2.005,2.004,2.002,2.002,2.004,1.999,1.993,2.017,2.016,2.012,2.012,2.014,2.009,2.0,2.02,2.018,2.01,2.014,2.019,2.013,2.002,2.017,2.02,2.017,2.017,2.018,2.013,2.007,2.022,2.02,2.013,2.013,2.018,2.015,2.004,2.018,2.017,2.005,2.005,2.003,2.006,1.996,2.013,2.011,2.011,2.011,2.019,2.018,2.008,2.028,2.038,2.038,2.065,2.066,2.072,2.073,2.09,2.096,2.109,2.109,2.109,2.106,2.141,2.166,2.173,2.204,2.204,2.209,2.216,2.254,2.268,2.278,2.276,2.275,2.276,2.271,2.274,2.286,2.287,2.292,2.293,2.297,2.294,2.291,2.311,2.313,2.309,2.309,2.311,2.302,2.312,2.326,2.333,2.327,2.328,2.334,2.326,2.301,2.307,2.296,2.29,2.29,2.284,2.264,2.269,2.269,2.269,2.266,2.266,2.272,2.284,2.286,2.292,2.304,2.3,2.3,2.304,2.319,2.315,2.33,2.329,2.335,2.336,2.337,2.329,2.346,2.356,2.367
ΝΟΜΟΣ ΚΙΛΚΙΣ,1.957,1.956,1.953,1.959,1.959,1.958,1.961,1.961,1.96,1.957,1.958,1.963,1.974,1.98,1.979,1.978,1.975,1.981,1.977,1.975,1.976,1.977,1.977,1.974,1.974,1.974,1.972,1.972,1.963,1.962,1.959,1.969,1.969,1.953,1.955,1.955,1.954,1.957,1.957,1.96,1.958,1.958,1.958,1.957,1.954,1.958,1.955,1.95,1.95,1.97,1.964,1.96,1.966,1.966,1.964,1.96,1.96,1.959,1.954,1.971,1.971,1.969,1.969,1.973,1.982,1.975,1.981,1.981,1.972,1.97,1.966,1.965,1.962,1.968,1.969,1.956,1.955,1.955,1.954,1.951,1.951,1.959,1.96,1.958,1.958,1.957,1.96,1.96,1.96,1.958,1.958,1.956,1.955,1.955,1.958,1.958,1.959,1.959,1.959,1.958,1.952,1.961,1.961,1.959,1.96,1.96,1.959,1.956,1.962,1.962,1.96,1.96,1.965,1.963,1.967,1.964,1.965,1.964,1.967,1.967,1.967,1.966,1.974,1.983,1.99,2.011,2.016,2.016,2.035,2.048,2.056,2.063,2.068,2.088,2.092,2.087,2.123,2.133,2.137,2.172,2.182,2.18,2.217,2.236,2.235,2.238,2.232,2.231,2.23,2.221,2.229,2.229,2.231,2.234,2.239,2.238,2.235,2.244,2.243,2.241,2.24,2.24,2.242,2.229,2.231,2.247,2.241,2.241,2.241,2.24,2.233,2.232,2.226,2.235,2.235,2.235,2.221,2.219,2.216,2.226,2.226,2.227,2.228,2.233,2.237,2.251,2.251,2.255,2.255,2.257,2.265,2.259,2.267,2.267,2.264,2.271,2.271,2.27,2.265,2.29,2.304,2.302
ΝΟΜΟΣ ΚΟΖΑΝΗΣ,1.907,1.911,1.908,1.905,1.914,1.912,1.91,1.91,1.915,1.914,1.917,1.924,1.918,1.921,1.921,1.926,1.92,1.919,1.925,1.929,1.925,1.927,1.932,1.927,1.927,1.939,1.928,1.925,1.928,1.928,1.928,1.924,1.932,1.926,1.922,1.924,1.927,1.921,1.924,1.929,1.925,1.92,1.927,1.92,1.917,1.92,1.931,1.927,1.921,1.921,1.924,1.919,1.918,1.921,1.922,1.917,1.918,1.921,1.92,1.914,1.922,1.926,1.918,1.923,1.927,1.924,1.924,1.928,1.919,1.915,1.917,1.921,1.918,1.913,1.918,1.915,1.91,1.911,1.915,1.909,1.911,1.918,1.914,1.91,1.912,1.912,1.906,1.903,1.912,1.909,1.903,1.903,1.908,1.902,1.904,1.913,1.908,1.91,1.911,1.914,1.912,1.906,1.914,1.912,1.907,1.908,1.911,1.908,1.908,1.913,1.91,1.911,1.911,1.914,1.914,1.913,1.923,1.923,1.916,1.918,1.921,1.922,1.923,1.939,1.96,1.971,1.985,1.989,2.005,2.014,2.028,2.034,2.036,2.053,2.057,2.066,2.084,2.109,2.13,2.174,2.185,2.189,2.203,2.22,2.225,2.223,2.223,2.224,2.226,2.224,2.225,2.24,2.246,2.252,2.252,2.257,2.255,2.253,2.26,2.257,2.252,2.246,2.248,2.246,2.244,2.247,2.237,2.232,2.227,2.226,2.223,2.21,2.22,2.212,2.218,2.221,2.224,2.216,2.224,2.234,2.236,2.234,2.236,2.241,2.255,2.251,2.249,2.246,2.242,2.244,2.255,2.253,2.256,2.267,2.265,2.265,2.272,2.277,2.273,2.282,2.297,2.298
ΝΟΜΟΣ ΚΟΡΙΝΘΙΑΣ,1.95,1.952,1.942,1.951,1.956,1.956,1.955,1.957,1.956,1.954,1.962,1.963,1.964,1.959,1.96,1.96,1.96,1.966,1.972,1.975,1.973,1.975,1.973,1.967,1.977,1.978,1.971,1.966,1.97,1.973,1.971,1.976,1.976,1.972,1.971,1.973,1.971,1.963,1.975,1.973,1.97,1.965,1.967,1.967,1.965,1.971,1.959,1.948,1.944,1.944,1.945,1.938,1.941,1.941,1.939,1.933,1.935,1.936,1.933,1.942,1.942,1.938,1.931,1.937,1.935,1.943,1.946,1.933,1.931,1.932,1.933,1.933,1.933,1.937,1.942,1.938,1.933,1.935,1.936,1.935,1.942,1.942,1.936,1.932,1.935,1.933,1.928,1.935,1.938,1.934,1.932,1.935,1.937,1.935,1.944,1.951,1.949,1.946,1.946,1.944,1.944,1.948,1.952,1.947,1.944,1.946,1.942,1.942,1.947,1.953,1.951,1.947,1.946,1.942,1.941,1.948,1.956,1.952,1.95,1.956,1.953,1.95,1.957,1.979,1.986,1.998,2.013,2.016,2.038,2.043,2.051,2.054,2.062,2.075,2.074,2.085,2.104,2.118,2.133,2.154,2.174,2.178,2.199,2.213,2.216,2.216,2.214,2.215,2.221,2.219,2.227,2.236,2.237,2.245,2.26,2.26,2.268,2.269,2.274,2.273,2.272,2.264,2.265,2.263,2.263,2.266,2.26,2.255,2.251,2.252,2.243,2.238,2.236,2.234,2.231,2.234,2.229,2.223,2.226,2.226,2.228,2.225,2.234,2.24,2.249,2.245,2.252,2.248,2.245,2.25,2.257,2.26,2.259,2.273,2.275,2.275,2.281,2.279,2.288,2.302,2.31,2.313
ΝΟΜΟΣ ΚΥΚΛΑΔΩΝ,2.174,2.174,2.174,2.171,2.18,2.181,2.18,2.176,2.18,2.177,2.172,2.179,2.172,2.172,2.174,2.173,2.17,2.168,2.175,2.177,2.179,2.183,2.187,2.187,2.178,2.186,2.185,2.185,2.185,2.185,2.184,2.18,2.189,2.182,2.182,2.178,2.178,2.169,2.164,2.174,2.171,2.171,2.167,2.17,2.171,2.163,2.177,2.175,2.173,2.173,2.175,2.172,2.16,2.166,2.166,2.163,2.163,2.161,2.16,2.152,2.16,2.162,2.15,2.152,2.153,2.15,2.147,2.159,2.161,2.161,2.157,2.158,2.159,2.153,2.159,2.157,2.153,2.154,2.157,2.154,2.148,2.157,2.148,2.143,2.148,2.148,2.148,2.146,2.15,2.151,2.15,2.151,2.154,2.149,2.144,2.154,2.152,2.151,2.151,2.152,2.145,2.142,2.152,2.149,2.152,2.149,2.15,2.147,2.14,2.147,2.144,2.142,2.142,2.143,2.143,2.137,2.152,2.152,2.152,2.15,2.155,2.164,2.159,2.173,2.178,2.181,2.2,2.206,2.213,2.21,2.221,2.199,2.193,2.221,2.225,2.226,2.237,2.261,2.262,2.266,2.269,2.274,2.285,2.332,2.346,2.356,2.357,2.371,2.374,2.373,2.38,2.392,2.386,2.389,2.398,2.406,2.41,2.41,2.419,2.418,2.421,2.416,2.417,2.418,2.412,2.422,2.415,2.413,2.414,2.411,2.403,2.394,2.393,2.382,2.39,2.391,2.389,2.383,2.383,2.386,2.387,2.388,2.389,2.389,2.399,2.402,2.406,2.408,2.407,2.412,2.416,2.43,2.429,2.435,2.436,2.438,2.44,2.445,2.447,2.454,2.463,2.47
ΝΟΜΟΣ ΛΑΚΩΝΙΑΣ,1.979,1.976,1.989,1.979,1.991,1.995,1.99,1.99,1.99,1.998,1.988,1.998,1.998,1.994,1.994,1.993,2.0,1.988,2.004,2.002,1.996,1.995,1.998,2.004,1.989,2.002,2.0,1.993,1.991,1.991,2.0,1.992,1.999,1.999,1.991,1.995,1.992,1.998,1.987,2.002,2.004,1.998,1.998,1.996,1.998,1.99,1.998,1.996,1.989,1.987,1.983,1.989,1.977,1.983,1.983,1.979,1.977,1.975,1.983,1.972,1.977,1.977,1.967,1.967,1.963,1.967,1.956,1.967,1.968,1.964,1.964,1.963,1.968,1.956,1.965,1.966,1.956,1.956,1.958,1.969,1.956,1.97,1.97,1.963,1.964,1.96,1.973,1.96,1.975,1.974,1.968,1.968,1.965,1.973,1.96,1.974,1.974,1.97,1.97,1.966,1.976,1.962,1.968,1.976,1.971,1.965,1.964,1.971,1.957,1.971,1.972,1.965,1.964,1.965,1.965,1.963,1.978,1.979,1.971,1.971,1.974,1.989,1.982,1.995,2.005,2.01,2.027,2.03,2.044,2.04,2.05,2.064,2.07,2.073,2.075,2.092,2.112,2.131,2.142,2.156,2.165,2.167,2.184,2.207,2.217,2.221,2.217,2.218,2.215,2.223,2.226,2.237,2.242,2.24,2.248,2.25,2.271,2.261,2.275,2.285,2.282,2.281,2.281,2.283,2.268,2.28,2.278,2.268,2.26,2.256,2.263,2.248,2.259,2.248,2.25,2.25,2.247,2.243,2.247,2.249,2.254,2.254,2.254,2.251,2.285,2.274,2.274,2.275,2.275,2.275,2.274,2.29,2.28,2.292,2.292,2.288,2.29,2.287,2.308,2.294,2.321,2.333
ΝΟΜΟΣ ΛΑΡΙΣΗΣ,1.932,1.936,1.929,1.93,1.949,1.949,1.945,1.947,1.95,1.942,1.942,1.957,1.954,1.951,1.952,1.956,1.947,1.949,1.96,1.957,1.952,1.953,1.954,1.948,1.951,1.962,1.959,1.953,1.958,1.961,1.95,1.953,1.966,1.966,1.958,1.96,1.96,1.953,1.949,1.959,1.959,1.953,1.954,1.957,1.949,1.939,1.945,1.938,1.928,1.926,1.928,1.92,1.917,1.927,1.926,1.921,1.919,1.924,1.915,1.917,1.93,1.929,1.918,1.918,1.921,1.911,1.911,1.922,1.922,1.922,1.92,1.923,1.916,1.912,1.927,1.93,1.924,1.926,1.929,1.921,1.918,1.933,1.932,1.929,1.926,1.925,1.919,1.918,1.927,1.925,1.922,1.921,1.924,1.917,1.917,1.935,1.934,1.931,1.931,1.933,1.929,1.926,1.944,1.944,1.938,1.938,1.938,1.931,1.93,1.942,1.939,1.937,1.944,1.946,1.94,1.942,1.959,1.956,1.953,1.955,1.957,1.953,1.955,1.98,1.993,1.999,2.01,2.017,2.032,2.042,2.068,2.078,2.082,2.093,2.096,2.099,2.12,2.158,2.172,2.18,2.2,2.204,2.216,2.234,2.248,2.246,2.238,2.239,2.242,2.241,2.238,2.256,2.258,2.261,2.266,2.269,2.27,2.27,2.286,2.277,2.267,2.27,2.271,2.264,2.256,2.267,2.262,2.255,2.253,2.256,2.245,2.231,2.23,2.225,2.231,2.235,2.228,2.216,2.222,2.227,2.23,2.226,2.229,2.245,2.255,2.245,2.248,2.251,2.249,2.248,2.261,2.265,2.264,2.278,2.274,2.273,2.278,2.284,2.286,2.299,2.316,2.325
ΝΟΜΟΣ ΛΑΣΙΘΙΟΥ,1.957,1.964,1.972,1.946,1.974,1.974,1.968,1.971,1.972,1.971,1.961,1.985,1.989,1.981,1.985,1.987,1.99,1.98,1.998,1.995,1.98,1.984,1.989,1.991,1.982,1.995,1.998,1.979,1.975,1.976,1.981,1.967,1.993,1.999,1.989,1.996,2.0,2.007,1.986,2.004,2.012,2.0,1.997,2.003,2.002,1.991,2.003,2.006,1.989,1.995,1.998,1.995,1.987,2.01,2.012,2.003,1.999,2.004,1.999,1.977,1.99,1.983,1.979,1.982,1.987,1.985,1.963,1.989,1.987,1.981,1.981,1.999,1.99,1.955,1.979,1.974,1.96,1.959,1.962,1.957,1.934,1.959,1.956,1.946,1.946,1.947,1.95,1.923,1.942,1.943,1.928,1.932,1.936,1.94,1.925,1.96,1.96,1.952,1.958,1.96,1.965,1.949,1.969,1.968,1.959,1.958,1.961,1.969,1.947,1.969,1.967,1.949,1.946,1.946,1.948,1.927,1.949,1.957,1.948,1.952,1.958,1.967,1.955,1.974,1.996,1.999,2.014,2.022,2.042,2.038,2.074,2.092,2.083,2.088,2.098,2.116,2.126,2.144,2.154,2.155,2.186,2.201,2.22,2.253,2.279,2.278,2.277,2.281,2.284,2.29,2.276,2.3,2.301,2.292,2.297,2.304,2.312,2.3,2.32,2.321,2.309,2.304,2.304,2.309,2.292,2.3,2.3,2.291,2.287,2.289,2.296,2.259,2.278,2.258,2.268,2.271,2.275,2.267,2.266,2.271,2.272,2.267,2.27,2.27,2.299,2.278,2.282,2.288,2.282,2.28,2.291,2.317,2.299,2.313,2.316,2.306,2.307,2.324,2.329,2.332,2.356,2.36
ΝΟΜΟΣ ΛΕΣΒΟΥ,2.041,2.045,2.04,2.034,2.045,2.046,2.042,2.043,2.044,2.039,2.027,2.04,2.041,2.035,2.035,2.036,2.044,2.028,2.042,2.044,2.04,2.04,2.037,2.048,2.033,2.055,2.055,2.043,2.043,2.044,2.048,2.033,2.046,2.045,2.041,2.041,2.05,2.059,2.044,2.052,2.052,2.046,2.046,2.054,2.059,2.039,2.034,2.034,2.051,2.028,2.03,2.025,2.018,2.029,2.029,2.024,2.027,2.03,2.029,2.019,2.029,2.027,2.027,2.024,2.026,2.027,2.006,2.027,2.027,2.02,2.02,2.022,2.021,2.005,2.019,2.019,2.014,2.015,2.016,2.023,1.998,2.005,2.004,1.998,1.998,1.998,2.005,1.992,2.012,2.017,2.011,2.011,2.013,2.018,2.01,2.026,2.031,2.025,2.025,2.026,2.031,2.015,2.037,2.029,2.018,2.013,2.014,2.018,2.004,2.018,2.014,2.011,2.014,2.015,2.019,2.005,2.018,2.027,2.022,2.03,2.034,2.023,2.011,2.029,2.047,2.057,2.063,2.069,2.1,2.087,2.102,2.08,2.071,2.072,2.073,2.121,2.126,2.15,2.157,2.156,2.168,2.168,2.178,2.182,2.211,2.209,2.21,2.209,2.22,2.221,2.21,2.229,2.225,2.241,2.248,2.26,2.262,2.25,2.266,2.278,2.273,2.272,2.274,2.276,2.259,2.27,2.274,2.267,2.263,2.265,2.277,2.247,2.258,2.245,2.258,2.26,2.264,2.248,2.254,2.255,2.263,2.261,2.261,2.263,2.286,2.264,2.267,2.27,2.264,2.264,2.266,2.296,2.283,2.298,2.299,2.292,2.293,2.306,2.321,2.317,2.329,2.342
ΝΟΜΟΣ ΛΕΥΚΑΔΟΣ,1.986,1.986,1.988,1.979,1.989,1.99,1.988,1.988,1.988,1.991,1.979,1.996,1.998,1.983,1.982,1.982,1.984,1.971,1.984,1.987,1.985,1.985,1.985,1.992,1.974,1.989,1.989,1.986,1.989,1.988,2.002,1.991,2.002,2.002,1.998,1.998,2.0,2.002,1.991,2.002,2.002,2.0,2.0,2.0,1.996,1.983,1.982,1.98,1.968,1.968,1.966,1.964,1.948,1.961,1.961,1.958,1.958,1.958,1.961,1.939,1.953,1.953,1.951,1.951,1.951,1.953,1.945,1.953,1.958,1.956,1.956,1.956,1.958,1.932,1.943,1.974,1.974,1.974,1.974,1.973,1.959,1.97,1.971,1.971,1.971,1.971,1.973,1.961,1.972,1.972,1.97,1.955,1.955,1.958,1.946,1.959,1.959,1.96,1.96,1.957,1.96,1.944,1.96,1.978,1.976,1.976,1.976,1.978,1.964,1.98,1.98,1.972,1.973,1.973,1.976,1.964,1.968,1.977,1.985,1.972,1.979,1.98,1.973,1.984,1.988,2.0,2.012,2.037,2.04,2.033,2.047,2.041,2.045,2.051,2.055,2.053,2.051,2.083,2.111,2.125,2.21,2.222,2.226,2.239,2.246,2.246,2.249,2.249,2.249,2.255,2.246,2.26,2.265,2.265,2.265,2.268,2.271,2.261,2.275,2.277,2.275,2.274,2.274,2.275,2.277,2.278,2.278,2.276,2.281,2.28,2.276,2.259,2.274,2.263,2.268,2.268,2.268,2.261,2.255,2.255,2.26,2.268,2.28,2.28,2.291,2.276,2.283,2.286,2.286,2.293,2.293,2.301,2.285,2.293,2.281,2.281,2.294,2.295,2.298,2.298,2.32,2.323
ΝΟΜΟΣ ΜΑΓΝΗΣΙΑΣ,1.958,1.961,1.972,1.965,1.985,1.983,1.98,1.981,1.981,1.98,1.969,1.989,1.984,1.984,1.98,1.979,1.982,1.969,1.979,1.972,1.968,1.967,1.967,1.968,1.956,1.98,1.983,1.976,1.976,1.979,1.986,1.978,1.992,1.99,1.984,1.982,1.981,1.985,1.973,1.989,1.987,1.979,1.984,1.987,1.986,1.975,1.98,1.979,1.974,1.973,1.972,1.975,1.961,1.974,1.969,1.964,1.964,1.962,1.959,1.939,1.963,1.96,1.954,1.953,1.951,1.953,1.938,1.953,1.955,1.946,1.949,1.949,1.954,1.942,1.959,1.96,1.964,1.964,1.969,1.972,1.958,1.977,1.976,1.972,1.974,1.971,1.973,1.96,1.977,1.977,1.973,1.965,1.958,1.963,1.95,1.971,1.978,1.972,1.972,1.966,1.969,1.959,1.974,1.981,1.976,1.982,1.983,1.982,1.968,1.984,1.983,1.98,1.975,1.97,1.969,1.965,1.991,1.991,1.986,1.986,1.987,1.985,1.976,1.999,2.006,2.024,2.045,2.049,2.066,2.066,2.081,2.089,2.101,2.111,2.117,2.128,2.137,2.163,2.182,2.188,2.21,2.205,2.218,2.238,2.252,2.253,2.248,2.248,2.253,2.25,2.248,2.26,2.268,2.273,2.293,2.294,2.293,2.29,2.306,2.305,2.299,2.294,2.295,2.285,2.271,2.277,2.276,2.271,2.269,2.27,2.261,2.245,2.244,2.237,2.239,2.232,2.232,2.231,2.235,2.245,2.25,2.25,2.255,2.255,2.271,2.258,2.267,2.271,2.276,2.287,2.291,2.295,2.287,2.301,2.301,2.3,2.3,2.303,2.302,2.316,2.331,2.334
ΝΟΜΟΣ ΜΕΣΣΗΝΙΑΣ,1.972,1.973,1.971,1.96,1.976,1.975,1.971,1.972,1.973,1.973,1.973,1.982,1.98,1.975,1.974,1.976,1.973,1.971,1.98,1.982,1.979,1.979,1.981,1.976,1.971,1.979,1.977,1.974,1.974,1.975,1.976,1.972,1.983,1.982,1.978,1.982,1.983,1.975,1.972,1.982,1.984,1.979,1.978,1.974,1.972,1.968,1.976,1.973,1.965,1.963,1.964,1.957,1.95,1.956,1.955,1.954,1.954,1.955,1.952,1.95,1.959,1.957,1.955,1.954,1.955,1.949,1.948,1.958,1.956,1.952,1.952,1.953,1.947,1.947,1.96,1.958,1.953,1.953,1.952,1.946,1.941,1.954,1.957,1.954,1.954,1.955,1.948,1.944,1.95,1.954,1.952,1.953,1.953,1.95,1.948,1.962,1.96,1.956,1.956,1.959,1.955,1.949,1.963,1.963,1.963,1.963,1.962,1.956,1.955,1.966,1.963,1.96,1.964,1.965,1.962,1.962,1.978,1.976,1.972,1.974,1.978,1.975,1.979,1.994,2.006,2.01,2.021,2.024,2.035,2.042,2.068,2.07,2.079,2.089,2.091,2.104,2.106,2.141,2.158,2.172,2.193,2.197,2.205,2.23,2.244,2.246,2.243,2.244,2.245,2.247,2.246,2.258,2.26,2.261,2.264,2.265,2.27,2.263,2.274,2.269,2.266,2.267,2.268,2.263,2.253,2.263,2.251,2.246,2.246,2.247,2.243,2.236,2.243,2.243,2.245,2.254,2.247,2.242,2.242,2.248,2.254,2.256,2.262,2.267,2.268,2.256,2.26,2.259,2.261,2.262,2.267,2.275,2.264,2.276,2.278,2.282,2.284,2.286,2.297,2.305,2.322,2.328
ΝΟΜΟΣ ΞΑΝΘΗΣ,1.958,1.952,1.93,1.954,1.959,1.957,1.956,1.959,1.961,1.952,1.959,1.96,1.96,1.959,1.962,1.964,1.947,1.958,1.963,1.964,1.967,1.969,1.971,1.957,1.968,1.968,1.968,1.967,1.97,1.972,1.957,1.974,1.955,1.957,1.956,1.958,1.958,1.944,1.956,1.956,1.955,1.952,1.954,1.956,1.944,1.953,1.949,1.945,1.959,1.959,1.946,1.93,1.946,1.941,1.939,1.94,1.942,1.943,1.92,1.936,1.931,1.928,1.928,1.929,1.932,1.914,1.945,1.945,1.942,1.942,1.944,1.946,1.931,1.939,1.94,1.939,1.94,1.943,1.945,1.925,1.943,1.942,1.94,1.942,1.932,1.936,1.928,1.945,1.945,1.943,1.942,1.943,1.946,1.927,1.948,1.945,1.943,1.944,1.944,1.947,1.93,1.947,1.935,1.933,1.935,1.938,1.94,1.917,1.939,1.936,1.934,1.945,1.946,1.951,1.934,1.942,1.951,1.952,1.949,1.954,1.957,1.951,1.976,1.976,1.985,2.0,2.018,2.026,2.031,2.045,2.042,2.052,2.057,2.067,2.069,2.077,2.11,2.128,2.155,2.198,2.21,2.212,2.21,2.226,2.229,2.248,2.243,2.244,2.246,2.228,2.242,2.249,2.25,2.255,2.258,2.27,2.247,2.259,2.266,2.272,2.269,2.265,2.266,2.252,2.259,2.261,2.262,2.259,2.25,2.249,2.222,2.245,2.238,2.238,2.241,2.243,2.243,2.229,2.246,2.262,2.268,2.264,2.264,2.274,2.271,2.299,2.309,2.309,2.3,2.303,2.307,2.286,2.307,2.311,2.315,2.309,2.314,2.32,2.314,2.336,2.341,2.34
ΝΟΜΟΣ ΠΕΛΛΗΣ,1.907,1.904,1.914,1.906,1.917,1.918,1.911,1.912,1.911,1.921,1.912,1.925,1.925,1.916,1.918,1.915,1.924,1.916,1.928,1.929,1.924,1.924,1.922,1.927,1.922,1.924,1.929,1.921,1.921,1.923,1.927,1.918,1.93,1.931,1.923,1.921,1.91,1.918,1.909,1.921,1.921,1.92,1.918,1.915,1.922,1.911,1.919,1.91,1.902,1.901,1.897,1.902,1.893,1.903,1.903,1.9,1.9,1.896,1.897,1.892,1.896,1.902,1.892,1.883,1.88,1.889,1.884,1.899,1.9,1.885,1.883,1.878,1.883,1.879,1.89,1.89,1.884,1.887,1.884,1.892,1.885,1.896,1.897,1.889,1.889,1.891,1.901,1.893,1.905,1.905,1.899,1.9,1.902,1.906,1.896,1.907,1.906,1.896,1.896,1.893,1.904,1.899,1.915,1.915,1.908,1.906,1.903,1.91,1.9,1.908,1.908,1.898,1.899,1.895,1.903,1.901,1.911,1.907,1.901,1.901,1.906,1.92,1.919,1.95,1.959,1.977,1.993,1.99,2.01,2.015,2.037,2.043,2.045,2.056,2.058,2.072,2.072,2.093,2.127,2.145,2.172,2.171,2.187,2.201,2.22,2.226,2.228,2.228,2.225,2.232,2.227,2.238,2.239,2.233,2.235,2.238,2.24,2.23,2.236,2.24,2.231,2.233,2.231,2.233,2.225,2.233,2.232,2.217,2.213,2.213,2.214,2.197,2.203,2.195,2.197,2.196,2.193,2.199,2.192,2.198,2.202,2.2,2.201,2.201,2.23,2.22,2.222,2.223,2.22,2.232,2.23,2.242,2.233,2.245,2.246,2.25,2.25,2.248,2.257,2.261,2.277,2.278
ΝΟΜΟΣ ΠΙΕΡΙΑΣ,1.938,1.939,1.939,1.93,1.942,1.942,1.934,1.938,1.939,1.943,1.934,1.95,1.952,1.951,1.956,1.957,1.953,1.943,1.957,1.958,1.95,1.956,1.956,1.951,1.944,1.953,1.954,1.945,1.95,1.952,1.946,1.951,1.96,1.96,1.953,1.962,1.963,1.965,1.955,1.957,1.957,1.947,1.961,1.956,1.954,1.947,1.952,1.941,1.933,1.925,1.926,1.913,1.897,1.906,1.905,1.902,1.9,1.9,1.901,1.891,1.903,1.91,1.906,1.91,1.91,1.924,1.909,1.926,1.921,1.914,1.914,1.918,1.918,1.907,1.921,1.925,1.922,1.916,1.916,1.91,1.899,1.915,1.916,1.905,1.91,1.911,1.911,1.901,1.914,1.912,1.906,1.911,1.915,1.915,1.909,1.93,1.93,1.922,1.927,1.93,1.936,1.921,1.939,1.94,1.93,1.928,1.931,1.936,1.925,1.941,1.941,1.933,1.937,1.937,1.934,1.935,1.945,1.948,1.941,1.946,1.946,1.95,1.949,1.969,1.993,1.989,2.008,2.01,2.024,2.021,2.041,2.042,2.045,2.083,2.086,2.096,2.1,2.133,2.155,2.153,2.172,2.173,2.187,2.21,2.226,2.238,2.23,2.233,2.234,2.231,2.232,2.241,2.248,2.241,2.253,2.26,2.271,2.258,2.274,2.279,2.275,2.272,2.271,2.269,2.258,2.262,2.261,2.249,2.242,2.242,2.234,2.216,2.21,2.214,2.217,2.223,2.23,2.222,2.231,2.237,2.24,2.241,2.254,2.255,2.274,2.263,2.275,2.278,2.274,2.277,2.281,2.293,2.274,2.288,2.289,2.283,2.297,2.293,2.295,2.294,2.32,2.324
ΝΟΜΟΣ ΠΡΕΒΕΖΗΣ,1.921,1.922,1.913,1.921,1.925,1.924,1.928,1.93,1.93,1.922,1.923,1.932,1.93,1.932,1.931,1.927,1.923,1.924,1.939,1.938,1.938,1.936,1.933,1.929,1.924,1.937,1.934,1.933,1.933,1.93,1.93,1.928,1.942,1.941,1.948,1.946,1.947,1.941,1.935,1.943,1.942,1.944,1.942,1.943,1.94,1.928,1.938,1.931,1.933,1.932,1.931,1.922,1.916,1.928,1.926,1.925,1.923,1.923,1.918,1.915,1.919,1.916,1.914,1.914,1.908,1.904,1.902,1.908,1.902,1.901,1.895,1.894,1.891,1.888,1.897,1.894,1.901,1.901,1.9,1.901,1.898,1.913,1.905,1.903,1.902,1.901,1.895,1.89,1.908,1.906,1.905,1.91,1.909,1.903,1.897,1.911,1.906,1.905,1.904,1.905,1.899,1.895,1.911,1.913,1.912,1.909,1.91,1.901,1.894,1.911,1.906,1.906,1.912,1.909,1.901,1.91,1.927,1.927,1.923,1.92,1.922,1.913,1.92,1.937,1.942,1.946,1.962,1.966,1.975,1.976,1.99,2.001,2.009,2.028,2.029,2.041,2.042,2.06,2.088,2.118,2.125,2.127,2.164,2.183,2.192,2.191,2.195,2.194,2.197,2.196,2.197,2.207,2.212,2.216,2.216,2.183,2.214,2.211,2.221,2.224,2.22,2.221,2.227,2.214,2.206,2.21,2.209,2.206,2.206,2.204,2.196,2.182,2.191,2.189,2.192,2.193,2.186,2.181,2.185,2.186,2.2,2.2,2.2,2.204,2.208,2.196,2.197,2.197,2.197,2.199,2.203,2.209,2.212,2.225,2.219,2.222,2.229,2.233,2.232,2.246,2.27,2.275
ΝΟΜΟΣ ΡΕΘΥΜΝΗΣ,1.98,1.985,1.984,1.971,1.984,1.977,1.986,1.986,1.99,1.996,1.983,1.998,1.992,1.991,1.993,1.998,1.995,1.99,1.996,1.996,1.999,1.999,2.004,2.003,1.994,1.985,2.004,2.002,2.002,2.006,2.007,1.998,1.997,2.006,2.005,2.007,2.012,2.005,1.994,2.004,1.999,2.0,1.993,1.994,1.988,1.979,1.963,1.993,1.989,1.979,1.978,1.971,1.962,1.966,1.96,1.955,1.965,1.97,1.962,1.956,1.966,1.964,1.965,1.954,1.956,1.957,1.953,1.949,1.952,1.955,1.955,1.961,1.95,1.951,1.949,1.958,1.953,1.953,1.956,1.952,1.947,1.963,1.957,1.965,1.96,1.96,1.955,1.948,1.952,1.95,1.948,1.958,1.964,1.956,1.954,1.968,1.962,1.961,1.962,1.965,1.972,1.957,1.963,1.959,1.96,1.96,1.961,1.959,1.955,1.965,1.967,1.961,1.961,1.959,1.966,1.967,1.976,1.974,1.979,1.986,1.988,1.989,1.973,1.995,2.006,2.015,2.033,2.037,2.052,2.062,2.083,2.082,2.091,2.099,2.103,2.11,2.118,2.13,2.167,2.18,2.186,2.195,2.199,2.224,2.236,2.24,2.247,2.246,2.256,2.254,2.243,2.269,2.269,2.269,2.272,2.277,2.28,2.269,2.283,2.279,2.278,2.279,2.29,2.28,2.269,2.287,2.281,2.272,2.271,2.275,2.275,2.244,2.249,2.243,2.254,2.253,2.249,2.239,2.244,2.247,2.256,2.257,2.257,2.253,2.275,2.268,2.274,2.284,2.284,2.284,2.292,2.301,2.298,2.313,2.306,2.308,2.309,2.312,2.311,2.32,2.337,2.336
ΝΟΜΟΣ ΡΟΔΟΠΗΣ,1.993,1.994,1.989,1.967,1.989,1.97,1.995,1.996,1.996,1.995,1.977,1.995,1.978,1.99,1.99,1.99,1.984,1.973,1.993,1.983,1.989,1.989,1.989,1.986,1.985,1.995,1.995,2.002,2.002,2.002,1.986,2.006,2.006,1.996,2.003,2.01,2.01,2.011,2.0,2.007,1.995,2.003,2.003,2.003,1.997,1.976,1.987,1.974,1.981,1.977,1.977,1.972,1.96,1.963,1.944,1.957,1.956,1.957,1.952,1.943,1.962,1.932,1.956,1.971,1.97,1.971,1.951,1.975,1.957,1.981,1.971,1.972,1.966,1.958,1.981,1.962,1.978,1.989,1.986,1.98,1.972,1.994,1.98,1.994,1.99,1.99,1.976,1.965,1.983,1.946,1.959,1.977,1.977,1.961,1.958,1.981,1.968,1.985,1.985,1.983,1.978,1.969,1.991,1.971,1.99,1.99,1.99,1.995,1.974,1.995,1.974,1.99,1.991,1.98,1.976,1.99,2.01,1.989,2.006,2.007,2.009,1.997,2.01,2.033,2.028,2.043,2.053,2.059,2.085,2.081,2.096,2.084,2.107,2.133,2.133,2.136,2.148,2.2,2.189,2.22,2.222,2.228,2.24,2.256,2.271,2.252,2.256,2.258,2.261,2.274,2.286,2.291,2.279,2.285,2.285,2.285,2.292,2.275,2.293,2.279,2.292,2.284,2.277,2.281,2.264,2.277,2.26,2.278,2.271,2.271,2.274,2.251,2.264,2.246,2.262,2.265,2.265,2.244,2.255,2.26,2.271,2.271,2.276,2.276,2.295,2.271,2.272,2.282,2.284,2.284,2.284,2.306,2.292,2.309,2.292,2.304,2.307,2.31,2.321,2.318,2.334,2.332
ΝΟΜΟΣ ΣΑΜΟΥ,1.959,1.959,1.959,1.945,1.961,1.956,1.949,1.968,1.968,1.964,1.941,1.963,1.961,1.961,1.967,1.964,1.965,1.951,1.969,1.966,1.954,1.976,1.976,1.967,1.957,1.971,1.977,1.963,1.96,1.963,1.977,1.951,1.967,1.963,1.954,1.958,1.967,1.968,1.951,1.956,1.959,1.949,1.952,1.957,1.953,1.941,1.96,1.965,1.941,1.946,1.944,1.938,1.924,1.94,1.939,1.931,1.929,1.932,1.926,1.907,1.936,1.933,1.898,1.904,1.904,1.905,1.887,1.903,1.898,1.877,1.882,1.885,1.891,1.874,1.894,1.896,1.889,1.893,1.905,1.906,1.891,1.908,1.911,1.902,1.92,1.92,1.921,1.906,1.919,1.919,1.91,1.913,1.915,1.919,1.91,1.926,1.92,1.912,1.915,1.918,1.918,1.903,1.921,1.921,1.925,1.932,1.926,1.927,1.915,1.926,1.931,1.925,1.946,1.947,1.951,1.919,1.938,1.935,1.927,1.934,1.941,1.943,1.928,1.944,1.954,1.952,1.969,1.973,1.984,1.986,2.018,2.041,2.054,2.059,2.059,2.057,2.054,2.069,2.104,2.112,2.118,2.118,2.164,2.177,2.192,2.198,2.202,2.204,2.219,2.228,2.212,2.238,2.239,2.235,2.246,2.249,2.266,2.263,2.275,2.273,2.263,2.265,2.268,2.266,2.235,2.266,2.259,2.247,2.25,2.253,2.254,2.225,2.244,2.217,2.232,2.245,2.248,2.229,2.255,2.251,2.229,2.228,2.241,2.243,2.266,2.242,2.236,2.236,2.237,2.237,2.247,2.274,2.255,2.276,2.276,2.254,2.264,2.276,2.287,2.28,2.298,2.303
ΝΟΜΟΣ ΣΕΡΡΩΝ,1.937,1.938,1.933,1.938,1.944,1.943,1.942,1.938,1.942,1.935,1.945,1.948,1.945,1.943,1.943,1.947,1.938,1.943,1.948,1.946,1.947,1.947,1.952,1.943,1.951,1.953,1.949,1.951,1.948,1.961,1.949,1.953,1.96,1.956,1.958,1.956,1.961,1.959,1.958,1.96,1.951,1.946,1.942,1.945,1.943,1.941,1.942,1.938,1.935,1.929,1.932,1.921,1.93,1.933,1.931,1.929,1.929,1.935,1.922,1.93,1.934,1.935,1.933,1.93,1.935,1.931,1.936,1.936,1.932,1.924,1.925,1.929,1.922,1.93,1.938,1.932,1.932,1.93,1.934,1.919,1.931,1.936,1.933,1.936,1.935,1.939,1.924,1.938,1.938,1.937,1.939,1.938,1.936,1.931,1.939,1.944,1.938,1.935,1.936,1.938,1.927,1.93,1.936,1.938,1.938,1.945,1.95,1.932,1.945,1.949,1.946,1.946,1.948,1.955,1.944,1.957,1.957,1.959,1.962,1.958,1.964,1.95,1.958,1.984,1.992,2.009,2.012,2.024,2.02,2.038,2.048,2.049,2.067,2.066,2.074,2.075,2.099,2.12,2.123,2.152,2.166,2.169,2.164,2.187,2.21,2.213,2.212,2.211,2.214,2.203,2.227,2.23,2.228,2.237,2.236,2.239,2.232,2.236,2.242,2.238,2.239,2.238,2.242,2.232,2.237,2.24,2.234,2.235,2.237,2.241,2.221,2.225,2.223,2.226,2.232,2.233,2.22,2.21,2.218,2.218,2.22,2.22,2.22,2.235,2.238,2.236,2.237,2.238,2.239,2.238,2.257,2.249,2.259,2.267,2.262,2.263,2.265,2.269,2.267,2.282,2.292,2.291
ΝΟΜΟΣ ΤΡΙΚΑΛΩΝ,1.91,1.908,1.91,1.908,1.916,1.919,1.918,1.918,1.915,1.91,1.913,1.92,1.925,1.921,1.924,1.925,1.921,1.926,1.935,1.938,1.935,1.937,1.942,1.935,1.94,1.947,1.946,1.944,1.945,1.945,1.938,1.94,1.949,1.945,1.94,1.94,1.939,1.931,1.936,1.945,1.944,1.938,1.938,1.937,1.933,1.934,1.937,1.929,1.924,1.922,1.923,1.914,1.917,1.922,1.921,1.918,1.916,1.919,1.914,1.915,1.924,1.923,1.92,1.925,1.927,1.92,1.918,1.924,1.928,1.92,1.92,1.919,1.914,1.918,1.927,1.926,1.923,1.919,1.917,1.913,1.917,1.927,1.925,1.928,1.925,1.926,1.927,1.929,1.934,1.934,1.93,1.931,1.932,1.929,1.932,1.937,1.936,1.933,1.933,1.931,1.931,1.935,1.94,1.934,1.93,1.928,1.928,1.924,1.928,1.928,1.925,1.923,1.924,1.93,1.928,1.94,1.947,1.944,1.941,1.942,1.942,1.949,1.96,1.974,1.981,1.988,1.999,2.005,2.022,2.026,2.053,2.043,2.057,2.069,2.07,2.074,2.099,2.122,2.143,2.166,2.186,2.19,2.202,2.22,2.228,2.229,2.225,2.223,2.225,2.215,2.218,2.228,2.237,2.241,2.242,2.245,2.245,2.25,2.258,2.26,2.256,2.25,2.251,2.244,2.248,2.248,2.24,2.236,2.236,2.23,2.216,2.216,2.217,2.217,2.215,2.215,2.202,2.205,2.213,2.221,2.226,2.227,2.231,2.243,2.254,2.245,2.254,2.254,2.25,2.249,2.261,2.263,2.263,2.277,2.278,2.283,2.288,2.292,2.29,2.303,2.313,2.313
ΝΟΜΟΣ ΦΘΙΩΤΙΔΟΣ,2.015,2.014,2.01,2.001,2.016,2.021,2.014,2.013,2.013,2.011,2.002,2.017,2.024,2.017,2.017,2.016,2.013,2.011,2.027,2.031,2.025,2.024,2.028,2.023,2.018,2.035,2.039,2.032,2.028,2.029,2.031,2.019,2.034,2.032,2.028,2.027,2.028,2.027,2.018,2.035,2.037,2.032,2.032,2.03,2.032,2.019,2.029,2.027,2.022,2.019,2.022,2.015,2.002,2.016,2.012,2.007,2.006,2.003,2.0,1.989,2.004,2.005,2.001,2.001,2.002,1.997,1.989,2.008,2.012,2.006,2.006,2.007,2.006,1.999,2.012,2.015,2.005,2.004,2.005,2.002,1.988,2.008,2.01,2.002,2.005,2.006,2.001,1.993,2.006,2.005,2.004,2.003,2.003,2.003,1.995,2.008,2.016,2.009,2.007,2.005,2.01,2.002,2.017,2.021,2.017,2.017,2.014,2.017,2.006,2.017,2.018,2.013,2.009,2.008,2.008,1.999,2.008,2.009,2.009,2.012,2.015,2.015,2.012,2.034,2.05,2.058,2.069,2.076,2.087,2.085,2.102,2.106,2.105,2.117,2.118,2.129,2.14,2.165,2.187,2.193,2.205,2.211,2.229,2.242,2.257,2.26,2.263,2.27,2.271,2.275,2.269,2.284,2.29,2.292,2.291,2.295,2.301,2.3,2.311,2.311,2.305,2.306,2.31,2.301,2.29,2.301,2.304,2.298,2.299,2.3,2.292,2.27,2.284,2.265,2.279,2.281,2.274,2.262,2.265,2.265,2.273,2.275,2.276,2.275,2.296,2.286,2.288,2.291,2.292,2.292,2.293,2.312,2.307,2.319,2.322,2.322,2.324,2.324,2.327,2.33,2.352,2.36
ΝΟΜΟΣ ΦΛΩΡΙΝΗΣ,1.9,1.9,1.903,1.894,1.903,1.895,1.91,1.91,1.91,1.913,1.904,1.909,1.9,1.906,1.908,1.923,1.941,1.929,1.941,1.923,1.93,1.93,1.93,1.934,1.923,1.934,1.923,1.927,1.927,1.927,1.934,1.923,1.934,1.923,1.93,1.93,1.93,1.941,1.929,1.941,1.929,1.937,1.937,1.937,1.949,1.936,1.942,1.912,1.919,1.919,1.919,1.924,1.914,1.915,1.902,1.908,1.908,1.908,1.911,1.902,1.911,1.902,1.908,1.917,1.917,1.92,1.909,1.92,1.902,1.92,1.927,1.933,1.937,1.924,1.937,1.924,1.934,1.928,1.928,1.931,1.919,1.933,1.921,1.929,1.929,1.929,1.927,1.908,1.918,1.908,1.915,1.915,1.915,1.918,1.908,1.918,1.908,1.914,1.914,1.914,1.917,1.907,1.92,1.911,1.918,1.918,1.918,1.921,1.911,1.921,1.911,1.918,1.918,1.918,1.921,1.912,1.922,1.916,1.944,1.944,1.948,1.936,1.928,1.94,1.94,1.95,1.974,1.984,2.008,2.001,2.011,2.011,2.025,2.057,2.061,2.067,2.076,2.107,2.113,2.152,2.157,2.157,2.201,2.215,2.225,2.215,2.219,2.227,2.227,2.231,2.221,2.234,2.224,2.236,2.237,2.237,2.251,2.241,2.253,2.243,2.25,2.247,2.247,2.248,2.238,2.243,2.235,2.238,2.229,2.229,2.228,2.21,2.22,2.209,2.216,2.216,2.216,2.206,2.207,2.215,2.22,2.22,2.227,2.23,2.243,2.236,2.236,2.237,2.237,2.237,2.237,2.251,2.243,2.254,2.244,2.251,2.253,2.255,2.256,2.256,2.268,2.259
ΝΟΜΟΣ ΦΩΚΙΔΟΣ,2.01,2.01,2.012,2.006,2.012,2.013,2.001,2.005,2.005,2.008,2.001,2.005,2.005,2.001,2.012,2.001,2.008,1.992,2.005,2.017,2.012,2.025,2.025,2.022,2.016,2.022,2.022,2.015,2.021,2.017,2.023,2.01,2.016,2.016,2.016,2.018,2.02,2.015,2.009,2.032,2.032,2.016,2.019,2.013,2.014,1.996,2.002,2.0,1.985,1.975,1.977,1.983,1.963,1.968,1.961,1.976,1.978,1.983,1.984,1.983,1.996,1.996,1.989,1.987,1.99,1.993,1.981,1.993,1.993,1.992,1.993,1.968,1.986,1.968,1.986,1.965,1.956,1.974,1.974,1.976,1.978,1.992,1.988,1.982,1.984,1.986,1.989,1.978,1.981,1.982,1.976,1.981,1.981,1.982,1.973,1.987,1.981,1.974,1.975,1.975,1.972,1.966,1.982,1.983,1.982,1.984,1.986,1.991,1.981,1.973,1.97,1.952,1.971,1.974,1.977,1.977,2.006,2.003,1.999,2.003,2.006,2.005,2.005,2.02,2.024,2.04,2.069,2.069,2.102,2.101,2.119,2.123,2.122,2.128,2.129,2.133,2.134,2.149,2.168,2.197,2.213,2.213,2.216,2.232,2.242,2.248,2.245,2.256,2.256,2.255,2.253,2.264,2.281,2.28,2.281,2.285,2.288,2.279,2.299,2.294,2.285,2.273,2.273,2.273,2.271,2.275,2.275,2.271,2.263,2.263,2.262,2.253,2.253,2.24,2.251,2.262,2.274,2.278,2.272,2.277,2.285,2.293,2.294,2.294,2.303,2.289,2.296,2.3,2.299,2.3,2.307,2.314,2.307,2.305,2.311,2.307,2.316,2.321,2.326,2.322,2.337,2.338
ΝΟΜΟΣ ΧΑΛΚΙΔΙΚΗΣ,1.982,1.984,1.977,1.982,1.985,1.99,1.99,1.986,1.989,1.983,1.983,1.997,1.994,2.0,2.0,2.0,1.998,1.996,2.008,2.003,2.002,2.001,2.0,1.989,1.995,2.002,1.997,1.997,2.001,1.995,1.987,1.987,1.993,1.992,1.991,1.992,1.99,1.985,1.985,1.993,1.991,1.983,1.986,1.982,1.973,1.981,1.989,1.986,1.984,1.979,1.984,1.965,1.965,1.97,1.971,1.968,1.962,1.96,1.954,1.953,1.961,1.96,1.957,1.958,1.957,1.94,1.944,1.947,1.954,1.956,1.955,1.951,1.954,1.957,1.969,1.966,1.963,1.966,1.961,1.951,1.947,1.956,1.951,1.957,1.951,1.951,1.953,1.947,1.972,1.966,1.963,1.965,1.967,1.96,1.964,1.972,1.973,1.972,1.971,1.962,1.948,1.957,1.966,1.967,1.951,1.955,1.955,1.956,1.96,1.964,1.964,1.961,1.96,1.96,1.953,1.957,1.968,1.961,1.954,1.951,1.952,1.96,1.967,1.988,1.998,2.017,2.031,2.033,2.04,2.063,2.069,2.07,2.088,2.099,2.1,2.104,2.116,2.143,2.146,2.168,2.186,2.195,2.196,2.213,2.219,2.234,2.24,2.243,2.244,2.237,2.25,2.258,2.26,2.263,2.273,2.272,2.26,2.263,2.272,2.269,2.27,2.25,2.25,2.243,2.254,2.255,2.242,2.237,2.242,2.248,2.236,2.239,2.246,2.241,2.25,2.251,2.25,2.236,2.248,2.251,2.254,2.254,2.267,2.273,2.266,2.27,2.271,2.275,2.273,2.281,2.284,2.285,2.289,2.298,2.301,2.302,2.3,2.305,2.296,2.315,2.32,2.32
ΝΟΜΟΣ ΧΑΝΙΩΝ,1.958,1.96,1.96,1.946,1.962,1.965,1.959,1.961,1.964,1.96,1.948,1.973,1.973,1.968,1.97,1.972,1.97,1.958,1.979,1.988,1.98,1.98,1.982,1.98,1.97,1.988,1.988,1.971,1.971,1.973,1.969,1.958,1.975,1.975,1.968,1.967,1.966,1.962,1.952,1.975,1.977,1.968,1.966,1.968,1.965,1.955,1.968,1.973,1.966,1.965,1.966,1.962,1.947,1.961,1.958,1.95,1.95,1.952,1.95,1.936,1.957,1.96,1.949,1.947,1.946,1.944,1.929,1.949,1.949,1.94,1.939,1.942,1.937,1.912,1.932,1.931,1.925,1.928,1.929,1.929,1.916,1.94,1.941,1.932,1.931,1.93,1.929,1.918,1.943,1.945,1.936,1.937,1.94,1.938,1.926,1.948,1.946,1.936,1.941,1.942,1.95,1.933,1.962,1.964,1.963,1.965,1.966,1.964,1.952,1.972,1.97,1.964,1.964,1.966,1.966,1.951,1.976,1.978,1.97,1.969,1.974,1.972,1.966,1.992,2.004,2.009,2.031,2.033,2.045,2.05,2.075,2.099,2.105,2.117,2.121,2.135,2.147,2.174,2.18,2.196,2.213,2.221,2.247,2.266,2.282,2.286,2.28,2.277,2.278,2.277,2.265,2.302,2.303,2.301,2.311,2.318,2.323,2.304,2.331,2.332,2.321,2.315,2.317,2.3,2.29,2.312,2.304,2.295,2.293,2.294,2.291,2.261,2.265,2.243,2.253,2.256,2.26,2.257,2.265,2.265,2.267,2.265,2.275,2.278,2.3,2.281,2.295,2.3,2.301,2.301,2.304,2.32,2.307,2.32,2.319,2.317,2.321,2.331,2.331,2.331,2.357,2.36
ΝΟΜΟΣ ΧΙΟΥ,2.002,2.002,2.006,1.99,2.01,2.013,2.01,2.01,2.01,2.0,2.0,2.019,2.019,2.015,2.016,2.011,2.02,2.003,2.022,2.022,2.019,2.019,2.019,2.023,2.006,2.023,2.023,2.019,2.019,2.019,2.023,2.009,2.025,2.013,2.01,2.01,2.01,2.025,2.008,2.025,2.022,2.021,2.021,2.017,2.013,2.002,2.019,2.019,2.016,2.016,2.016,2.016,1.998,2.016,2.016,2.012,2.012,2.012,2.016,1.998,2.016,2.016,2.012,2.012,2.012,2.016,1.997,1.993,1.993,1.989,1.989,1.989,2.011,1.993,2.003,2.009,2.007,2.007,2.007,2.013,1.996,2.014,2.013,2.002,2.008,2.008,2.012,1.994,2.012,2.012,2.011,2.007,2.007,2.011,1.99,2.008,1.999,1.996,1.996,2.005,2.008,1.991,2.008,2.01,2.003,2.003,2.003,2.006,1.989,2.004,2.004,2.001,2.002,2.003,2.005,1.989,2.007,2.007,2.003,2.003,1.999,2.013,2.005,2.035,2.04,2.043,2.049,2.049,2.076,2.061,2.08,2.067,2.073,2.104,2.107,2.117,2.111,2.14,2.151,2.177,2.19,2.19,2.199,2.195,2.214,2.215,2.211,2.211,2.203,2.209,2.197,2.211,2.236,2.235,2.235,2.23,2.235,2.227,2.263,2.263,2.257,2.249,2.249,2.249,2.225,2.25,2.252,2.248,2.248,2.248,2.254,2.222,2.24,2.226,2.242,2.242,2.242,2.231,2.231,2.24,2.243,2.243,2.243,2.243,2.27,2.251,2.257,2.257,2.262,2.262,2.262,2.287,2.268,2.294,2.301,2.296,2.296,2.296,2.299,2.297,2.324,2.333
